title,company,location,link
Web Engineer,Squire,"New York, NY",https://stackoverflow.com/jobs/370200
Workingstudent Tech & Engineering,Limehome GmbH,"München, Germany",https://stackoverflow.com/jobs/408795
Full Stack Software Engineer (Vue.js & Django) (m/f/d),Limehome GmbH,"München, Germany",https://stackoverflow.com/jobs/238532
"Frontend Software Engineer, Angular (Guest Experience) (m/f/d)",Limehome GmbH,"München, Germany",https://stackoverflow.com/jobs/363545
(Senior) Backend Software Engineer (Node.js) (m/f/d),Limehome GmbH,"München, Germany",https://stackoverflow.com/jobs/424355
Senior Full Stack Engineer (REMOTE),Sector Labs,No office location,https://stackoverflow.com/jobs/406197
Lead Software Engineer,Triblio,"Reston, VA",https://stackoverflow.com/jobs/461322
Digital-Senior Software/Lead Engineer-System Infra,FactSet,"Hyderabad, India",https://stackoverflow.com/jobs/461321
Senior API Developer,Caremonitor Pty Ltd,No office location,https://stackoverflow.com/jobs/451261
Senior Front-End Engineer (100% Remote),Timedoctor.com LLC,No office location,https://stackoverflow.com/jobs/461320
Director of Shopify Engineering,noticed.,No office location,https://stackoverflow.com/jobs/451053
Senior Node.js Software Engineer,Contrast Security,No office location,https://stackoverflow.com/jobs/461317
Principal Software Engineer - International Business Unit,Indeed,Singapore,https://stackoverflow.com/jobs/451048
Java Architect/Developer,"JPMorgan Chase Bank, N.A.","Plano, TX",https://stackoverflow.com/jobs/461273
Sr. JavaScript Developer - Knowledge Graphs,Esri,"Redlands, CA",https://stackoverflow.com/jobs/427301
"Software Engineer (ES6, Nodejs, MySQL, AWS)",IPS- Integrated Practice Solutions,"Las Vegas, NV",https://stackoverflow.com/jobs/461187
(Senior) Backend Engineer (m/f/d) - General Availability,TIER Mobility GmbH,"Berlin, Deutschland",https://stackoverflow.com/jobs/461184
Remote Senior Python Engineer,Verys,No office location,https://stackoverflow.com/jobs/461181
(Senior) Full Stack Engineer (m/f/d) - Shelter App,TIER Mobility GmbH,"Berlin, Deutschland",https://stackoverflow.com/jobs/461180
Programmer Analyst II,Texas State University,"San Marcos, TX",https://stackoverflow.com/jobs/461161
Remote .Net Developer,StratospherecviaStratospherec Limited,"Horsham, UK",https://stackoverflow.com/jobs/461154
Fullstack Engineer - Content Intelligence (m/f/d),Axel Springer National Media & Tech,"Berlin, Deutschland",https://stackoverflow.com/jobs/461149
Software Development Engineer II - International Expansion,Audible,"Newark, NJ",https://stackoverflow.com/jobs/415215
Full stack developer - Java/Angular/Micro Services,"JPMorgan Chase Bank, N.A.","Hyderabad, India",https://stackoverflow.com/jobs/461066
Java Developer,"JPMorgan Chase Bank, N.A.","Hyderabad, India",https://stackoverflow.com/jobs/461063
Java Developer/Architect,"JPMorgan Chase Bank, N.A.","Hyderabad, India",https://stackoverflow.com/jobs/461057
Full stack developer - Java/Angular,"JPMorgan Chase Bank, N.A.","Hyderabad, India",https://stackoverflow.com/jobs/461062
AreaX Software Engineer - Full Stack,"JPMorgan Chase Bank, N.A.","New York, NY",https://stackoverflow.com/jobs/461046
Software Engineer - Digital Innovation,"JPMorgan Chase Bank, N.A.","New York, NY",https://stackoverflow.com/jobs/461043
"Javascript Developer, Node/React",Spiria Digital,"Oakville, ON, Canada",https://stackoverflow.com/jobs/450839
Senior Backend Engineer - Javascript - Remote options,audibene,"Denver, CO",https://stackoverflow.com/jobs/415202
Backend (Ruby) developer/Web developer,metoda GmbH,"München, Germany",https://stackoverflow.com/jobs/196256
Senior Software Developer (TypeScript),RELEX,"Helsinki, Finland",https://stackoverflow.com/jobs/461016
Java Software Engineer,"JPMorgan Chase Bank, N.A.","Columbus, OH",https://stackoverflow.com/jobs/461010
Senior Node.js Developer (w/m/x),Avenga Germany GmbH,"Berlin, Deutschland",https://stackoverflow.com/jobs/458457
Frontend-Entwickler (m/w/d),Das Büro am Draht GmbH,"Berlin, Deutschland",https://stackoverflow.com/jobs/328929
"(Senior) Webentwickler (m/w/d) JavaScript, Vue.js mit Schwerpunkt eCommerce",auteon GmbH,"München, Deutschland",https://stackoverflow.com/jobs/460977
DevOps B2B Team (Pro Marketplace),BlaBlaCar,"Kyiv, Ukraine",https://stackoverflow.com/jobs/450806
Senior Fullstack Software Engineer (f/m) 80-100%,Tamedia,"Zürich, Switzerland",https://stackoverflow.com/jobs/400109
Software Engineer - Backend,ProntoPro,"Milano, Italy",https://stackoverflow.com/jobs/285953
Software Engineer - Frontend,ProntoPro,"Milano, Italy",https://stackoverflow.com/jobs/272823
Cloud Administrator,Ultra Tendency,"Berlin, Germany",https://stackoverflow.com/jobs/168769
Mid - Senior Frontend Developer (m/w/d),Convit GmbH,"Köln, Deutschland",https://stackoverflow.com/jobs/450787
(Senior) Full Stack Web Entwickler (m/w/d),Convit GmbH,"Köln, Deutschland",https://stackoverflow.com/jobs/450786
(Senior) Full-Stack Software Engineer (m/f/d),Electry,"Berlin, Germany",https://stackoverflow.com/jobs/450785
Senior Frontend Software Engineer,"Comscore, Inc.","Santiago, Chile",https://stackoverflow.com/jobs/460785
Asset Integration Engineer,Exodus.io,No office location,https://stackoverflow.com/jobs/460780
"Senior Software Engineer (Javascript/Typescript, React/Redux,Node)",Even Financial,"New York, NY",https://stackoverflow.com/jobs/460779
Javascript Developer,OliBank,No office location,https://stackoverflow.com/jobs/450541
Senior Software Engineer - Full Stack/UI (Remote),Indeed,"Austin, TX",https://stackoverflow.com/jobs/460771
Senior Backend Engineer (m/w/x) - remote possible,Jimdo,"Hamburg, Germany",https://stackoverflow.com/jobs/435270
FinTech Developer,OliBank,No office location,https://stackoverflow.com/jobs/450540
"Senior Frontend Engineer - React, Javascript",Beamery,"London, UK",https://stackoverflow.com/jobs/442161
Front-End Engineer,Active Theory,No office location,https://stackoverflow.com/jobs/450543
Security Developer,OliBank,No office location,https://stackoverflow.com/jobs/450538
Senior Java Developer,AdPushup Software India Pvt Ltd,"New Delhi, India",https://stackoverflow.com/jobs/437988
Back End Developer (m/f/d),GoStudent GmbH,"Wien, Österreich",https://stackoverflow.com/jobs/457382
Senior Full Stack Developer (m/w/d) C#,Haufe Group,"Bielefeld, Germany",https://stackoverflow.com/jobs/450417
Software Engineering Lead,"JPMorgan Chase Bank, N.A.","Columbus, OH",https://stackoverflow.com/jobs/460699
Software Engineer - Cloud Client Engineering,"JPMorgan Chase Bank, N.A.","Jersey City, NJ",https://stackoverflow.com/jobs/460693
Software Engineering,"JPMorgan Chase Bank, N.A.","Plano, TX",https://stackoverflow.com/jobs/460691
"Associate, Software Engineer - Cloud/Java","JPMorgan Chase Bank, N.A.","Columbus, OH",https://stackoverflow.com/jobs/460688
Node.js Developer - Business Intelligence Applications,ABOUT YOU GmbH,"Hamburg, Deutschland",https://stackoverflow.com/jobs/447884
Full Stack Web Developer,Spiria Digital,"Gatineau, QC, Canada",https://stackoverflow.com/jobs/450400
Demodesk - Full-Stack Engineer in Assistant Team,Demodesk,"München, Germany",https://stackoverflow.com/jobs/450398
Senior Web UI Engineer,Apple,"Austin, TX",https://stackoverflow.com/jobs/460597
Experienced Java Developer,TOPdesk,"Budapest, Hungary",https://stackoverflow.com/jobs/460593
"Cloud Developer (nodeJS, AWS, TypeScript) (m/w/d)",immowelt,"Nürnberg, Deutschland",https://stackoverflow.com/jobs/425398
Senior Devops Engineer (f/m/x),AUTO1,"Berlin, Germany",https://stackoverflow.com/jobs/460592
Senior Full Stack Developer,"JPMorgan Chase Bank, N.A.","Palo Alto, CA",https://stackoverflow.com/jobs/460560
Full Stack Developer,"JPMorgan Chase Bank, N.A.","Palo Alto, CA",https://stackoverflow.com/jobs/460558
Sr. Java Software Developer,"JPMorgan Chase Bank, N.A.","Columbus, OH",https://stackoverflow.com/jobs/460526
Lead (Senior) Engineer (m/f/x) eCommerce Platform (Java SpringBoot MS on GCP),"AVANTGARDE - ""Creating Fans""","München, Deutschland",https://stackoverflow.com/jobs/425377
"Sr. Quality Engineer, Buyers Experience",eBay,"Netanya, Israel",https://stackoverflow.com/jobs/414677
"Sr. Quality Engineer, Buyers Experience",eBay,"Netanya, Israel",https://stackoverflow.com/jobs/414676
"Full-Stack Web Developer, Full-Time Job – Bucharest",SkillValue,"Bucharest, Romania",https://stackoverflow.com/jobs/460150
"Principal Software Engineer, API/Platform (NodeJS + TypeScript)","Unanet, Inc.",No office location,https://stackoverflow.com/jobs/460385
Full-Stack Java Software Engineer - 100% Remote - Canada,Sonatype,No office location,https://stackoverflow.com/jobs/286077
Staff Software Engineer,The Home Depot,"Austin, TX",https://stackoverflow.com/jobs/425130
Staff Software Engineer,The Home Depot,"Atlanta, GA",https://stackoverflow.com/jobs/425129
Software Engineer Principal,The Home Depot,"Austin, TX",https://stackoverflow.com/jobs/425127
Software Engineer Principal,The Home Depot,"Atlanta, GA",https://stackoverflow.com/jobs/425125
Senior Software Engineer,The Home Depot,"Atlanta, GA",https://stackoverflow.com/jobs/425123
Senior Javascript / Node Developer,DemystData,"Melbourne, Australia",https://stackoverflow.com/jobs/460281
Senior Backend Developer,Tempo Software,No office location,https://stackoverflow.com/jobs/460279
Senior QA Engineer TestCafe / NodeJS - Remote,"Theorem, LLC",No office location,https://stackoverflow.com/jobs/460277
Front End Developer,Peterson Technology Partners,"Chicago, IL",https://stackoverflow.com/jobs/460272
Senior React Developer,Altruist,No office location,https://stackoverflow.com/jobs/460266
FullStack Developer,Envato Mexico,"Guadalajara, Mexico",https://stackoverflow.com/jobs/414277
Fully Remote - Lead Frontend Engineer - React,MerakiviaSource Coders,No office location,https://stackoverflow.com/jobs/460257
Senior Java Software Engineer,AIR MILES,"Toronto, ON, Canada",https://stackoverflow.com/jobs/394502
Software Engineering- J2ee Developer,"JPMorgan Chase Bank, N.A.","Hyderabad, India",https://stackoverflow.com/jobs/460223
Senior Front End Engineer,Stardog Union,No office location,https://stackoverflow.com/jobs/460167
Sr. Scala Developer: SaaS Workflow Platform,"Primotus, LLC",No office location,https://stackoverflow.com/jobs/424986
Senior Front-End Engineer,buildit,"Edinburgh, UK",https://stackoverflow.com/jobs/296725
Senior Frontend Engineer (m/f/d),Forto GmbH,"Berlin, Germany",https://stackoverflow.com/jobs/460155
Senior Full-Stack Developer TypeScript / JavaScript (m/f/d),snapADDY GmbH,"Würzburg, Germany",https://stackoverflow.com/jobs/367171
Expert Full Stack Developer,OnePak Inc,No office location,https://stackoverflow.com/jobs/450184
Core Java / Spring Developer - Software Engineering,"JPMorgan Chase Bank, N.A.","Columbus, OH",https://stackoverflow.com/jobs/460125
Full Stack Java / Spring Developer - Camunda BPM,"JPMorgan Chase Bank, N.A.","Columbus, OH",https://stackoverflow.com/jobs/460118
Software Engineering,"JPMorgan Chase Bank, N.A.","Plano, TX",https://stackoverflow.com/jobs/459928
Software Developer in Test,YouGov,No office location,https://stackoverflow.com/jobs/460056
Senior Fullstack Developer | MEAN stack (m/f/d),Fashion Cloud,"Hamburg, Germany",https://stackoverflow.com/jobs/460042
Node.js Engineer (m/f/d),Fashion Cloud,"Hamburg, Germany",https://stackoverflow.com/jobs/460037
Frontend Engineer,Tessian,"London, UK",https://stackoverflow.com/jobs/459290
Python/AWS Developer (Remote),X-Team,No office location,https://stackoverflow.com/jobs/445852
Backend Developer (m/w/d),edith.care GmbH,"Hamburg, Deutschland",https://stackoverflow.com/jobs/392887
Senior Software Engineer - Frontend,Blameless,"San Mateo, CA",https://stackoverflow.com/jobs/437535
Werkstudent Partner Integration und Customer Support (d/w/m),Verimi GmbH,"Berlin, Germany",https://stackoverflow.com/jobs/244903
Manager Software Dev - Prod & Technology (Atlanta - Multiple Openings),T-Mobile,"Atlanta, GA",https://stackoverflow.com/jobs/434671
"Sr Engineer, Software - Dallas (Multiple Openings)",T-Mobile,"Frisco, TX",https://stackoverflow.com/jobs/455167
"Sr Engineer, Software - Kansas (Multiple Openings)",T-Mobile,"Overland Park, KS",https://stackoverflow.com/jobs/455162
Software Engineer - Atlanta (Multiple Positions),T-Mobile,"Atlanta, GA",https://stackoverflow.com/jobs/459294
"Manager Software Dev - Prod & Technology (Reston, VA - Multi Openings)",T-Mobile,"Reston, VA",https://stackoverflow.com/jobs/454760
"Sr. Engineer, Software - Atlanta (Multiple Positions)",T-Mobile,"Atlanta, GA",https://stackoverflow.com/jobs/458854
Senior Web Developer (Node/ReactJS),komoot,"Berlin, Germany",https://stackoverflow.com/jobs/454626
웹 개발,Watcha,"Gangnam-daero, South Korea",https://stackoverflow.com/jobs/460030
Senior Full Stack Web Software Engineer (React & Java/Python/Node.js),"JPMorgan Chase Bank, N.A.","Houston, TX",https://stackoverflow.com/jobs/460004
Full Stack Software Engineer,"JPMorgan Chase Bank, N.A.","Jersey City, NJ",https://stackoverflow.com/jobs/459998
Full Stack UI Developer,"JPMorgan Chase Bank, N.A.","Seattle, WA",https://stackoverflow.com/jobs/459979
Senior Staff Node Engineer [100% REMOTE],Clevertech,No office location,https://stackoverflow.com/jobs/459938
"Senior Staff Javascript Engineer (Full-Stack, Node/Express, React) [100% REMOTE]",Clevertech,No office location,https://stackoverflow.com/jobs/459937
Mobile Developer,Kaleido Health Solutions,No office location,https://stackoverflow.com/jobs/459932
Software Engineering - Fullstack Developer,"JPMorgan Chase Bank, N.A.","Mumbai, India",https://stackoverflow.com/jobs/459918
Senior Backend Developer,Nexkey,"San Mateo, CA",https://stackoverflow.com/jobs/459906
Full Stack Node.js and React Developer / Product Owner,FOLLOW-ME! Technology GmbH,"Wien, Österreich",https://stackoverflow.com/jobs/459773
Senior User Experience Software Engineer,"JPMorgan Chase Bank, N.A.","Jersey City, NJ",https://stackoverflow.com/jobs/459861
Senior Software Engineer,Patch.com,"New York, NY",https://stackoverflow.com/jobs/394309
Senior Software Engineer,FluentStream,"Denver, CO",https://stackoverflow.com/jobs/459774
Software Engineer (Defense/Intel),Esri,"Vienna, VA",https://stackoverflow.com/jobs/396336
Senior Software Engineer,Grover Gaming,"Greenville, NC",https://stackoverflow.com/jobs/436981
Software Developer,Achtzig20 GmbH,"Darmstadt, Deutschland",https://stackoverflow.com/jobs/363659
Software Engineer interested in Microservices and DevOps,Medicines Discovery Catapult,"Alderley Edge, UK",https://stackoverflow.com/jobs/459707
Full Stack JavaScript Developer,"NetImpact Strategies, Inc.","Vienna, VA",https://stackoverflow.com/jobs/436968
Product Security Engineer (All Levels),Salesforce,"Bellevue, WA",https://stackoverflow.com/jobs/339183
"Senior Developer (React, Node.js) (m/f/d)",EverEstate GmbH,"Berlin, Deutschland",https://stackoverflow.com/jobs/394267
MEAN Stack Developer,DATIS,"Tampa, FL",https://stackoverflow.com/jobs/424354
Senior Engineer I - Java (m/f/d),Taxdoo GmbH,"Hamburg, Germany",https://stackoverflow.com/jobs/436911
"Node, Redux & React developer, 2+ years experience, Series A start up!",EduMe Ltd,"London, UK",https://stackoverflow.com/jobs/459610
"Lead Platform Engineer (Cloud, CI/CD, Java)",buildit,"Bengaluru, India",https://stackoverflow.com/jobs/436904
Software Architekt*in (m/w/d) #Cloud,GFT Deutschland,"Eschborn, Deutschland",https://stackoverflow.com/jobs/394235
Team Lead Web Development (m/f/d),Enscape GmbH,"Karlsruhe, Deutschland",https://stackoverflow.com/jobs/459597
JavaScript Developer,APPSOLVE SRL,"Bucharest, Romania",https://stackoverflow.com/jobs/436898
Full Stack Software Engineer,Surevine,No office location,https://stackoverflow.com/jobs/459592
Senior Backend Developer Python/AWS/Microservices,Avira,"Bukarest, Rumänien",https://stackoverflow.com/jobs/459589
We've built a visual IDE to help scientists cure cancer - Register Your Interest,Synthace Ltd.,"London, UK",https://stackoverflow.com/jobs/385493
Front-End (Angular/React) and Node JS Backend – Senior Developer,Wipro Digital,"Bengaluru, India",https://stackoverflow.com/jobs/424505
Senior Backend Engineer (Node.js / PHP),DinDinn Corporation Pte. Ltd.,Singapore,https://stackoverflow.com/jobs/446790
Java FullStack Engineer,Wipro Digital,"Bengaluru, India",https://stackoverflow.com/jobs/424501
Sr. Full Stack Web Developer (a.k.a. “React Renegade”)-Local or Remote,InspectionXpert Corporation,"Raleigh, NC",https://stackoverflow.com/jobs/415350
Software Engineer - Java,"JPMorgan Chase Bank, N.A.","Seattle, WA",https://stackoverflow.com/jobs/459540
Software Engineering,"JPMorgan Chase Bank, N.A.","Hyderabad, India",https://stackoverflow.com/jobs/459572
"Lead Polyglot Software Engineers – TDD, XP, JavaScript",Pragmateam,"Sydney, Australia",https://stackoverflow.com/jobs/459520
Senior NodeJs Engineer,Blameless,No office location,https://stackoverflow.com/jobs/449668
Software Engineering,"JPMorgan Chase Bank, N.A.","Bengaluru, India",https://stackoverflow.com/jobs/459503
Software Engineer,"JPMorgan Chase Bank, N.A.","Seattle, WA",https://stackoverflow.com/jobs/459404
Java DevOps Software Engineer,"JPMorgan Chase Bank, N.A.","Newark, DE",https://stackoverflow.com/jobs/459391
Lead Full Stack Engineer,Aetion,"New York, NY",https://stackoverflow.com/jobs/393669
Mid-Senior Software Engineer ~ Big Data Solutions,Lean Media,"Chesterfield, MO",https://stackoverflow.com/jobs/271865
Pessoa Engenheira de Software Sênior,Kenoby,No office location,https://stackoverflow.com/jobs/424349
DevOps Engineer,"Volusion, LLC","Austin, TX",https://stackoverflow.com/jobs/449663
Full Stack Software Engineer,Captivation Software,"Fort Meade, MD",https://stackoverflow.com/jobs/449508
"Senior Software Engineer, Data Platform",MobSquad,"Calgary, AB, Canada",https://stackoverflow.com/jobs/449503
"Full-Stack Developer (London-based, temporarily remote)",Solidatus,"London, UK",https://stackoverflow.com/jobs/374829
Senior Software Engineer - Communication Systems,Bloomberg LP,"New York, NY",https://stackoverflow.com/jobs/437691
Media Streaming Engineer (Web Playback),Apple,"Cupertino, CA",https://stackoverflow.com/jobs/431214
"Fullstack Developer (Node.js, React) (m/f/d)",Haufe Group,"Timișoara, Rumänien",https://stackoverflow.com/jobs/449465
Softwareentwickler (m/w/d) Backend,Haufe Group,"Freiburg im Breisgau, Germany",https://stackoverflow.com/jobs/449464
Computer Scientist / IT Specialist as developer (m/f) Ruby on Rails,Hüttig & Rompf AG,"Frankfurt am Main, Deutschland",https://stackoverflow.com/jobs/143409
Java Full Stack Engineer - Singapore,Zuhlke Engineering Singapore,Singapore,https://stackoverflow.com/jobs/304027
Senior Java Full Stack Engineer - Singapore,Zuhlke Engineering Singapore,Singapore,https://stackoverflow.com/jobs/304024
Frontend Engineer (m/f/d),MobiLab Solutions,"Köln, Germany",https://stackoverflow.com/jobs/424234
Senior Blockchain Engineer / Node.js and Solidity / Remote,CloseCross,No office location,https://stackoverflow.com/jobs/272192
Full Stack Developer - Java,"JPMorgan Chase Bank, N.A.","Glasgow, UK",https://stackoverflow.com/jobs/459221
Back End Software Engineer (Node.js),Deep Consulting Solutions,No office location,https://stackoverflow.com/jobs/454757
Senior Web Application Engineering Lead,"JPMorgan Chase Bank, N.A.","Columbus, OH",https://stackoverflow.com/jobs/458545
Software Engineering,"JPMorgan Chase Bank, N.A.","Hyderabad, India",https://stackoverflow.com/jobs/459052
Staff/Lead Software Engineer,Freedom Financial Network,"San Mateo, CA",https://stackoverflow.com/jobs/449219
Senior full-stack Engineer (Consumer Experiences & Growth),Freedom Financial Network,"San Mateo, CA",https://stackoverflow.com/jobs/449217
Full Stack JavaScript Developer,Cesium,"Philadelphia, PA",https://stackoverflow.com/jobs/413567
"DevOps engineer (Kubernetes, Virtualization, SRE)",Brasil Paralelo,"Bela Vista, Brazil",https://stackoverflow.com/jobs/435763
Software Architect,Hobsons,"Arlington, VA",https://stackoverflow.com/jobs/435755
DevOps Engineer,buildit,"Edinburgh, UK",https://stackoverflow.com/jobs/448573
Senior Reliability Engineer (SRE),MessageBird,No office location,https://stackoverflow.com/jobs/435747
Backend/Platform Engineer,MindDoc Health GmbH,"München, Germany",https://stackoverflow.com/jobs/363656
Tech Lead at ZkSystems (m/f/d),ZkSystems GmbH,"Berlin, Deutschland",https://stackoverflow.com/jobs/435687
Full-Stack Software Engineer at ZkSystems (m/f/d),ZkSystems GmbH,"Berlin, Deutschland",https://stackoverflow.com/jobs/435685
Node.js software developers maken de zorg beter!,Ksyos,"Amstelveen, Netherlands",https://stackoverflow.com/jobs/374537
Full Stack Software Engineer,iKhokha,"Durban, South Africa",https://stackoverflow.com/jobs/302216
Developer - Java (SAP Globalization Services),SAP,"Bengaluru, India",https://stackoverflow.com/jobs/448509
Senior Backend PHP Developer,Azerion,"Schiphol-Rijk, Netherlands",https://stackoverflow.com/jobs/357169
Senior DevOps Engineer (m/w/d),Fonds Finanz Maklerservice GmbH,"München, Deutschland",https://stackoverflow.com/jobs/448501
Sr DevOps Engineer,Nacelle,No office location,https://stackoverflow.com/jobs/458451
Lead Developer,Motley London,"London, UK",https://stackoverflow.com/jobs/458746
"Senior Software Engineer, Applications",FiscalNote,"Washington, DC",https://stackoverflow.com/jobs/413182
Senior Ruby on Rails Developer,springbig inc.,"Boca Raton, FL",https://stackoverflow.com/jobs/278282
Senior Software Engineer,Saturna Capital Corporation,"Bellingham, WA",https://stackoverflow.com/jobs/435452
Javascript Developer (Vue.js / Node.js),Lucky Orange LLC,"Overland Park, KS",https://stackoverflow.com/jobs/374387
Angular Frontend Engineer (Senior) - For Cloud Telephony (m/f/d),NFON AG,"Berlin, Deutschland",https://stackoverflow.com/jobs/448337
Java Software Engineering,"JPMorgan Chase Bank, N.A.","Columbus, OH",https://stackoverflow.com/jobs/458532
Principal Software Engineer,Bulb Energy,"London, UK",https://stackoverflow.com/jobs/435310
Senior/Staff Full Stack Software Engineer - International Business Unit,Indeed,Singapore,https://stackoverflow.com/jobs/401797
Front-End Developer,Digidentity,"Den Haag, Netherlands",https://stackoverflow.com/jobs/305537
Backend Software Engineer (Node.js) - REMOTE,SemanticBits,No office location,https://stackoverflow.com/jobs/433581
Senior Full Stack Engineer (Angular) - Remote,SemanticBits,No office location,https://stackoverflow.com/jobs/446760
"Senior Full stack Engineer (React, Node.js) - Remote",SemanticBits,No office location,https://stackoverflow.com/jobs/439238
"Senior Engineer, Quality",Auth0,No office location,https://stackoverflow.com/jobs/448330
(Senior) Frontend / Fullstack Developer (w/m/d),Oviavo GmbH,"Berlin, Deutschland",https://stackoverflow.com/jobs/458491
(Senior) Backend Developer Node.js (m/f/d),ThinxNet GmbH,"München, Deutschland",https://stackoverflow.com/jobs/413118
Backend Engineer,Balena,No office location,https://stackoverflow.com/jobs/448324
Senior Software Engineer,Harver B.V.,"Amsterdam, Netherlands",https://stackoverflow.com/jobs/458478
Front-End Software Engineer at ZkSystems (m/f/d),ZkSystems GmbH,"Berlin, Deutschland",https://stackoverflow.com/jobs/435307
Software Engineer (f/m/d) e-commerce,zooplus AG,"München, Germany",https://stackoverflow.com/jobs/401764
JavaScript Engineer for our ecommerce storefront  (f/m/d),ePages GmbH,"Hamburg, Germany",https://stackoverflow.com/jobs/123431
Senior Fullstack JavaScript Engineer (m/f/x),ottonova,"München, Deutschland",https://stackoverflow.com/jobs/458470
Technical Lead-MERN,Wipro Digital,"Bengaluru, India",https://stackoverflow.com/jobs/401741
React / Javascript Developer,Särmä Digital Oy,"Helsinki, Finland",https://stackoverflow.com/jobs/330722
NodeJS (TypeScript) Software Engineer (m/w/x),Lampenwelt GmbH,No office location,https://stackoverflow.com/jobs/458463
(Senior) Software Engineer,Hypatos GmbH,"Berlin, Deutschland",https://stackoverflow.com/jobs/401730
Senior DevOps Security Engineer,Vouched,"Seattle, WA",https://stackoverflow.com/jobs/435262
Frontend Engineer,Vouched,"Seattle, WA",https://stackoverflow.com/jobs/435259
Fullstack Engineer,Vouched,"Seattle, WA",https://stackoverflow.com/jobs/435257
Senior Front-End Developer (m/f/d) - for legal tech startup in Munich or Berlin,DataGuard,"München, Deutschland",https://stackoverflow.com/jobs/281206
Senior Full Stack Developer (f/m/x),Parkside,"Graz, Österreich",https://stackoverflow.com/jobs/448298
Principal Software Developer/Architect (f/m/x),Parkside,"Graz, Österreich",https://stackoverflow.com/jobs/445052
Software Engineering- Java  l Bangalore,"JPMorgan Chase Bank, N.A.","Bengaluru, India",https://stackoverflow.com/jobs/458402
React.js Engineer,UCRAFT,No office location,https://stackoverflow.com/jobs/455718
Software Engineering Manager for an Interactive Healthcare SaaS Platform,The Jellyvision Lab Inc.,No office location,https://stackoverflow.com/jobs/458419
SaaS Sales Engineer (Data Governance Analytics Engineer),InfoTrust LLC,"Cincinnati, OH",https://stackoverflow.com/jobs/423679
Software Engineering - Java - Bangalore,"JPMorgan Chase Bank, N.A.","Bengaluru, India",https://stackoverflow.com/jobs/458404
Mobile Applications Developer,Market America / Shop.com,No office location,https://stackoverflow.com/jobs/447980
Développeuse.r Node.js/Typescript (F/H),Groupe La Centrale,"Paris, France",https://stackoverflow.com/jobs/458264
Application Security Developer,New Context Services,No office location,https://stackoverflow.com/jobs/458263
Senior Software Engineer (Full-Stack) (Remote),Indeed,"Austin, TX",https://stackoverflow.com/jobs/458259
"Software Developer (NodeJS, React)",Alcumus,"Cardiff, UK",https://stackoverflow.com/jobs/458258
Senior Software Developer - Data Visualization Team,AbCellera,"Vancouver, BC, Canada",https://stackoverflow.com/jobs/447975
Release / Integration Engineer (FullStack),PeerWell Inc.,No office location,https://stackoverflow.com/jobs/447973
Principal Site Reliability Engineer (Java /Azure),HaysviaHays PLC,"Austin, TX",https://stackoverflow.com/jobs/384431
Full Stack Entwickler (m/w/d),STRÖER DIGITAL PUBLISHING GMBHviaHays PLC,"Frankfurt am Main, Deutschland",https://stackoverflow.com/jobs/374100
senior front-end javascript developer,Cygni,"Amsterdam, Netherlands",https://stackoverflow.com/jobs/447954
Technical Product Lead,Apple,Singapore,https://stackoverflow.com/jobs/458213
.NET/Java Developer,Typeqast,"Zagreb, Croatia",https://stackoverflow.com/jobs/336340
Cloud Software Developer .Net Core or NodeJS (bis zu 50% remote) (m/w/d),IMMOWELT AGviaHays PLC,"Nürnberg, Deutschland",https://stackoverflow.com/jobs/401387
"Senior Software Engineer (Cloud, .Net, Kubernetes)",Derivco,"Barcelona, Spain",https://stackoverflow.com/jobs/457903
Full-Stack Developer who wants to be part of a greenfield biz.,Joymo,"Oslo, Norway",https://stackoverflow.com/jobs/423549
Videoland Frontend Developer,RTL Nederland,"Hilversum, Netherlands",https://stackoverflow.com/jobs/290189
Entwickler .NET/C# (m/w/d),Hays Professional Solutions GmbHviaHays PLC,"Gütersloh, Deutschland",https://stackoverflow.com/jobs/412755
"Frontend Tech Lead, Content Security",ByteDance,Singapore,https://stackoverflow.com/jobs/423498
"Frontend Software Engineer, Content Security",ByteDance,Singapore,https://stackoverflow.com/jobs/423497
Native Mobile App Engineer that loves Swift/Kotlin or both,Chalkboard Software Limited,"Manchester, UK",https://stackoverflow.com/jobs/458141
Senior Scala Developer (m/f/d),relayr GmbH,"Berlin, Germany",https://stackoverflow.com/jobs/423483
Full Stack Engineer that loves Node/TypeScript/GraphQL to help build our backend,Chalkboard Software Limited,"Manchester, UK",https://stackoverflow.com/jobs/458140
Senior JavaScript Softwareentwickler (m/w/d),Xpublisher GmbH,"München, Deutschland",https://stackoverflow.com/jobs/304270
React/JS Frontend Entwickler (all genders),procilon Group,"Leipzig, Deutschland",https://stackoverflow.com/jobs/376503
React JS Frontend Entwickler (all genders),procilon Group,"Berlin, Deutschland",https://stackoverflow.com/jobs/403008
Senior Software Engineer (m/w/d) Web / Angular,User Interface Design GmbH,"Ludwigsburg, Deutschland",https://stackoverflow.com/jobs/458139
Project Manager,MarsBased,No office location,https://stackoverflow.com/jobs/458133
(Senior) Full Stack Engineer (m/w/d),EXXETA AG,"Karlsruhe, Deutschland",https://stackoverflow.com/jobs/348862
REMOTE Germany-wide - (Senior) Software Engineer (f/m/d),real.digital,"Darmstadt, Deutschland",https://stackoverflow.com/jobs/456774
Cloud Application Engineer (m/w).,SBB AG,"Bern, Schweiz",https://stackoverflow.com/jobs/458130
Seeking Amazing Senior .NET Full Stack Engineer,Ringba,No office location,https://stackoverflow.com/jobs/458106
"React Engineer, Digital Consumer Products (North & South America Only)",Superformula,No office location,https://stackoverflow.com/jobs/458104
"Sr. React Engineer, Digital Consumer Products (North & South America Only)",Superformula,No office location,https://stackoverflow.com/jobs/458103
Software Engineer,"LIBERA, INC.",No office location,https://stackoverflow.com/jobs/458101
Senior Frontend Developer,Easy Agile,"Wollongong, Australia",https://stackoverflow.com/jobs/400824
Sr. Backend Developer,Dealer Inspire,No office location,https://stackoverflow.com/jobs/458088
Senior Full Stack Engineer,Scanifly,No office location,https://stackoverflow.com/jobs/458085
Senior Backend Engineer,"SEQL, Inc.","Richmond, VA",https://stackoverflow.com/jobs/458083
Cloud Fullstack Developer (m/w/d),XIBIX Solutions GmbH,"Unterschleißheim, Germany",https://stackoverflow.com/jobs/447740
Sr. Node Engineer,"Yum! Brands, Inc.","Chicago, IL",https://stackoverflow.com/jobs/458080
Senior Engineer (Integrations),Tiled Inc.,"San Diego, CA",https://stackoverflow.com/jobs/432669
Business Analyst JavaScript Developer,Esri,"Redlands, CA",https://stackoverflow.com/jobs/383625
Senior PHP Developer (m/f/d),Westwing Home & Living,"München, Deutschland",https://stackoverflow.com/jobs/458030
Fullstack Developer,Kodify Media Group,No office location,https://stackoverflow.com/jobs/447734
Backend Developer,Kodify Media Group,No office location,https://stackoverflow.com/jobs/447733
Senior Frontend Engineer (m/f/d),Forto GmbH,"Berlin, Germany",https://stackoverflow.com/jobs/447416
Sr. Backend Engineer,Givelify,No office location,https://stackoverflow.com/jobs/447564
Full Stack Engineer - REMOTE,ParOne,No office location,https://stackoverflow.com/jobs/457959
Senior Back-end Developer,Digia,"Helsinki, Finland",https://stackoverflow.com/jobs/447555
Senior Full-Stack Developer,Digia,"Helsinki, Finland",https://stackoverflow.com/jobs/447557
Senior Front-end Developer,Digia,"Helsinki, Finland",https://stackoverflow.com/jobs/447554
Senior Backend Developer,Forto GmbH,"Berlin, Germany",https://stackoverflow.com/jobs/146315
Senior Software Engineer (Node),"Jack Henry & Associates, Inc.®",No office location,https://stackoverflow.com/jobs/447532
Frontend Engineer (m/f/x) onsite or remote (anywhere in Germany or UK),Scalable Capital GmbH,"München, Deutschland",https://stackoverflow.com/jobs/447531
Mobile Developer iOS (m/w/d),REWE Digital GmbH,"Köln, Deutschland",https://stackoverflow.com/jobs/457931
Business & Technical Consultant Full Stack (f/m/d),Avaloq,"Berlin, Germany",https://stackoverflow.com/jobs/457930
Senior javascript-utvecklare,Cygni,"Stockholm, Sweden",https://stackoverflow.com/jobs/447407
"Senior fullstackutvecklare (Java, .net och/eller node)",Cygni,"Stockholm, Sweden",https://stackoverflow.com/jobs/447405
Fullstack Softwareentwickler – Java / JavaScript (m/w/d),Senacor Technologies AG,"Hamburg, Deutschland",https://stackoverflow.com/jobs/457910
Junior Java Developer (m/w/d),Senacor Technologies AG,"Berlin, Deutschland",https://stackoverflow.com/jobs/457909
Junior Java Developer (m/w/d),Senacor Technologies AG,"München, Deutschland",https://stackoverflow.com/jobs/457908
Senior/ Lead Developer – Java/ JavaScript (m/w/d),Senacor Technologies AG,"Frankfurt am Main, Deutschland",https://stackoverflow.com/jobs/457907
"Full-Stack Developer (Cloud, .Net, React)",Derivco,"Barcelona, Spain",https://stackoverflow.com/jobs/457904
(Senior) Full-Stack Software Engineer who loves Python,Advertima,"Berlin, Germany",https://stackoverflow.com/jobs/422932
Senior/Lead DevOps Engineer,buildit,"Edinburgh, UK",https://stackoverflow.com/jobs/371765
Senior Software Engineer - FrontEnd,Restream,"Kyiv, Ukraine",https://stackoverflow.com/jobs/412297
Software Engineer,Ninja Van,Singapore,https://stackoverflow.com/jobs/272207
Senior Software Engineer,Ninja Van,Singapore,https://stackoverflow.com/jobs/282301
Sr Software Engineer - NodeJS,Swimlane,"Louisville, CO",https://stackoverflow.com/jobs/457865
"Software Engineer, Performance Engineering (Senior/Lead/Principal)",Salesforce,"Indianapolis, IN",https://stackoverflow.com/jobs/364235
Sr. Software Engineer (Backend),Givelify,No office location,https://stackoverflow.com/jobs/457693
"Software Engineer, Performance Engineering (Senior/Lead/Principal)",Salesforce,"Boston, MA",https://stackoverflow.com/jobs/364234
"Software Engineer, Performance Engineering (Senior/Lead/Principal)",Salesforce,"Seattle, WA",https://stackoverflow.com/jobs/364233
"Software Engineer, Performance Engineering (Senior/Lead/Principal)",Salesforce,"San Francisco, CA",https://stackoverflow.com/jobs/364232
"Full-Stack Software Engineer (Senior, Lead, Principal) – Application Development",Salesforce,"Louisville, CO",https://stackoverflow.com/jobs/364228
"Full-Stack Software Engineer (Senior, Lead, Principal) – Application Development",Salesforce,"Indianapolis, IN",https://stackoverflow.com/jobs/364227
"Full-Stack Software Engineer (Senior, Lead, Principal) – Application Development",Salesforce,"Boston, MA",https://stackoverflow.com/jobs/364226
"Full-Stack Software Engineer (Senior, Lead, Principal) – Application Development",Salesforce,"Seattle, WA",https://stackoverflow.com/jobs/364225
Engineering Manager,FiscalNote,"Washington, DC",https://stackoverflow.com/jobs/457851
"Full-Stack Software Engineer (Senior, Lead, Principal) – Application Development",Salesforce,"San Francisco, CA",https://stackoverflow.com/jobs/364221
Senior Node.js Software Engineer,SimpliSafe,"Boston, MA",https://stackoverflow.com/jobs/350962
Data Engineer III,Homer,No office location,https://stackoverflow.com/jobs/457849
Senior Full Stack Software Engineer,FiscalNote,"Washington, DC",https://stackoverflow.com/jobs/447285
Microservices Software Engineer,SimpliSafe,"Boston, MA",https://stackoverflow.com/jobs/350959
Staff Web Developer,SimpliSafe,"Boston, MA",https://stackoverflow.com/jobs/350954
Software Deconstruction Engineer aka. Infosec Consultant,Carve Systems,No office location,https://stackoverflow.com/jobs/268907
AWS Software Engineer,"IXIS, LLC","Burlington, VT",https://stackoverflow.com/jobs/457843
Game Developer,Rockbite Games,"Yerevan, Armenia",https://stackoverflow.com/jobs/421755
Tech Lead Engineering at sustainable mobility Start-up,finn.auto,"München, Germany",https://stackoverflow.com/jobs/445057
"Remote Senior Developer (node, react, aws)",JBS Custom Software Solutions,No office location,https://stackoverflow.com/jobs/290246
Sr. PHP Product Developer,Dealer Inspire,No office location,https://stackoverflow.com/jobs/457683
Developpeur·euse Front React Senior - FT Maps,leboncoin,"Paris, France",https://stackoverflow.com/jobs/416099
Frontend Developer,Government Digital Service (GDS),"London, UK",https://stackoverflow.com/jobs/457677
PHP-Entwickler (m/w/d),IZ Immobilien Zeitung Verlagsgesellschaft mbH,"Wiesbaden, Deutschland",https://stackoverflow.com/jobs/422655
Senior Fullstack Software Developer for Interactive Healthcare SaaS Platform,The Jellyvision Lab Inc.,No office location,https://stackoverflow.com/jobs/457661
Java Software Engineering Lead - Core Engineering R&D Team,"JPMorgan Chase Bank, N.A.","Wilmington, DE",https://stackoverflow.com/jobs/457504
Full Stack Developer,Särmä Digital Oy,"Helsinki, Finland",https://stackoverflow.com/jobs/333786
"Senior Back-End Engineer (node.js, java)",Concept Reply,"Turin, Italy",https://stackoverflow.com/jobs/339127
"Software Engineer, Node.JS",Docler Holding,Luxembourg,https://stackoverflow.com/jobs/434318
Senior Full Stack Web Developer (m/w/d) für die Nachrichten-Branche,Badische Neueste Nachrichten Badendruck GmbH,"Karlsruhe, Deutschland",https://stackoverflow.com/jobs/434302
Senior Fullstack JS Engineer - France (remote or Paris office) - CDI,Chance,No office location,https://stackoverflow.com/jobs/434305
Remote Principal Software Engineer to optimize the world of Container Shipping,Portchain,"Copenhagen, Denmark",https://stackoverflow.com/jobs/433884
Remote Full Stack Software Engineer to optimize the world of Container Shipping,Portchain,"Copenhagen, Denmark",https://stackoverflow.com/jobs/433882
Junior Software Engineer (Trainee),Fei Siong Food Management Pte. Ltd.,Singapore,https://stackoverflow.com/jobs/422616
Junior Software Engineer,Fei Siong Food Management Pte. Ltd.,Singapore,https://stackoverflow.com/jobs/422615
Senior Front End Software Engineer,Boston Dynamics,"Waltham, MA",https://stackoverflow.com/jobs/457627
Javascript Web Developer for Live Streaming Player,nanocosmos,"Berlin, Germany",https://stackoverflow.com/jobs/432155
US Wealth Management Application Developer- Java Full Stack,"JPMorgan Chase Bank, N.A.","Bengaluru, India",https://stackoverflow.com/jobs/457489
US Wealth Management Application Developer,"JPMorgan Chase Bank, N.A.","Bengaluru, India",https://stackoverflow.com/jobs/457488
Cloud Native Java Developer,Railroad19,No office location,https://stackoverflow.com/jobs/457469
Mid-Level Full-Stack Developer,Asymmetrik,"Annapolis Junction, MD",https://stackoverflow.com/jobs/371430
Senior Software Engineer,The Washington Post,"Springfield, VA",https://stackoverflow.com/jobs/452108
Lead Fullstack Software Developer for Interactive Healthcare SaaS Platform,The Jellyvision Lab Inc.,No office location,https://stackoverflow.com/jobs/457438
DevOps Engineer,Moneyhub Financial Technology Ltd,"Bristol, UK",https://stackoverflow.com/jobs/457437
"Full Stack Engineer, Top 100 Startup, React/Node, London/WFH, £60-80,000",Feedr - FoodTechviaConfido Talent,"London, UK",https://stackoverflow.com/jobs/446552
Senior Enterprise Application Architect,Breakthrough,"Green Bay, WI",https://stackoverflow.com/jobs/457435
Application Solution Engineer - GCP Pipeline,Breakthrough,"Green Bay, WI",https://stackoverflow.com/jobs/457434
Lead Front End (UI) Web Developer,Citizens Bank,"Providence, RI",https://stackoverflow.com/jobs/422210
Full-Stack JavaScript Developer,Anyfin AB,"Stockholm, Sweden",https://stackoverflow.com/jobs/400711
Senior Software Engineer,T-Mobile USA,"Atlanta, GA",https://stackoverflow.com/jobs/392595
Senior Frontend Engineer at sustainable mobility Start-up,finn.auto,"München, Germany",https://stackoverflow.com/jobs/331750
Full Stack Engineer at Sellpy,Sellpy,"Stockholm, Sweden",https://stackoverflow.com/jobs/456515
Full-Stack-Developer (m/w/d),rooom AG,"Jena, Deutschland",https://stackoverflow.com/jobs/392566
Senior Full Stack Webentwickler (m/w/d),Thomann Digitalteam,"Iserlohn, Deutschland",https://stackoverflow.com/jobs/457386
"Onsite Senior Full Stack Engineer with a love for React.js, Node.js & Typescript",EverReal GmbH,"München, Deutschland",https://stackoverflow.com/jobs/457385
(Senior) Consultant Blockchain Development (f/m/d),Camelot ITLab GmbH,"Mannheim, Deutschland",https://stackoverflow.com/jobs/363483
Full Stack Web Developer (f/m/d),Camelot ITLab GmbH,"Mannheim, Deutschland",https://stackoverflow.com/jobs/360086
Senior Backend Developer,Makeen Technologies LLC,No office location,https://stackoverflow.com/jobs/417842
Senior Front End Developer (m/f/d),GoStudent GmbH,"Wien, Österreich",https://stackoverflow.com/jobs/457381
Senior Full Stack JavaScript Developer - Remote,Upstack,No office location,https://stackoverflow.com/jobs/422075
Node/AWS/Microservices Developer (Remote),X-Team,No office location,https://stackoverflow.com/jobs/457377
Full-time Back-end Developer for AR Cloud Platform,"Pretia Technologies, Inc.","Shinagawa City, Japan",https://stackoverflow.com/jobs/457369
Principal Backend Engineer (f/m/d),eBay Classifieds Motors Vertical DE,"Berlin, Germany",https://stackoverflow.com/jobs/392477
Data (Software) Engineer,ArupviaHays PLC,"Sydney, Australia",https://stackoverflow.com/jobs/457364
Full Stack Node.js Engineer,ArupviaHays PLC,"Sydney, Australia",https://stackoverflow.com/jobs/457363
Senior/Lead Java Engineer,Freedom Financial Network,"Tempe, AZ",https://stackoverflow.com/jobs/446780
Cx/Growth Full Stack Engineer,Freedom Financial Network,"Tempe, AZ",https://stackoverflow.com/jobs/446779
Mid-Level Node Javascript Developer (Ecommerce Startup),Whitebox,"Baltimore, MD",https://stackoverflow.com/jobs/201049
"Software Engineer, Backend (Remote)",Impala,No office location,https://stackoverflow.com/jobs/457361
Senior Backend Engineer (m/f/d) - TypeScript / NodeJS - remote or Paris office,Chance,No office location,https://stackoverflow.com/jobs/446755
Vault Data Services Software Engineering Lead,"JPMorgan Chase Bank, N.A.","Columbus, OH",https://stackoverflow.com/jobs/457309
Senior Frontend Developer (React.js),Mahisoft Inc,No office location,https://stackoverflow.com/jobs/295352
Full Stack Developer,AWAZE Vacation RentalsviaMRJ Recruitment,"Manchester, UK",https://stackoverflow.com/jobs/457240
(Lead) Fullstack Node.js / React.js (m/f/x) - Cloud based marketplace,"AVANTGARDE - ""Creating Fans""","München, Deutschland",https://stackoverflow.com/jobs/433444
"Node.js TypeScript GraphQL Backend (m/f/x,Senior) - Global Webshop Engineering","AVANTGARDE - ""Creating Fans""","München, Deutschland",https://stackoverflow.com/jobs/433443
Sr. Software Development Engineer - AWS Amplify CLI,Amazon Web Services,"Seattle, WA",https://stackoverflow.com/jobs/446590
Senior Cloud Architect / Engineer (Dockerizing),HaysviaHays PLC,"Reston, VA",https://stackoverflow.com/jobs/363171
Full Stack Developer (Node / Angular),HaysviaHays PLC,"Reston, VA",https://stackoverflow.com/jobs/363170
Web-Tester (m/f),RINGANA GmbH,"Wien, Österreich",https://stackoverflow.com/jobs/421728
Webdeveloper for Backend (NodeJS) and Frontend (Vue) (m/f),RINGANA GmbH,"Wien, Österreich",https://stackoverflow.com/jobs/421723
Senior Cloud Architect / Engineer (Dockerizing),HaysviaHays PLC,"Reston, VA",https://stackoverflow.com/jobs/373245
Principal Software Engineer,Citizens Bank,"Providence, RI",https://stackoverflow.com/jobs/446595
Senior Frontend Engineer,Zumper,"Providence, RI",https://stackoverflow.com/jobs/446576
Principal Software Engineer,Citizens Bank,"Providence, RI",https://stackoverflow.com/jobs/446572
Server Operations / Cloud Support Engineer for nanoStream Cloud,nanocosmos,"Berlin, Germany",https://stackoverflow.com/jobs/363135
Software Engineer,CGI IT UK LTD,"Glasgow, UK",https://stackoverflow.com/jobs/400076
Mid/Senior Full Stack Engineer,Applied,No office location,https://stackoverflow.com/jobs/446566
"(Sen.) Backend Engineer at Stocard - The Mobile Wallet, 50 mio users (full-time)",Stocard GmbH,"Mannheim, Germany",https://stackoverflow.com/jobs/433431
"React.js TypeScript GraphQL Frontend (m/f/x,Senior) - Global Webshop Engineering","AVANTGARDE - ""Creating Fans""","München, Deutschland",https://stackoverflow.com/jobs/433429
JavaScript Developer,Kinsta,No office location,https://stackoverflow.com/jobs/446560
Lead Platform Engineer,buildit,"London, UK",https://stackoverflow.com/jobs/433395
TRAŽIMO SOFTVER DEVELOPERE!,symphony.is,"Sarajevo, Bosnia and Herzegovina",https://stackoverflow.com/jobs/373187
AI Full-Stack Engineer,Amaris.AI,Singapore,https://stackoverflow.com/jobs/399985
Senior Frontend Developer (Actionable Insights Tool),Smartly.io,"Helsinki, Finland",https://stackoverflow.com/jobs/422063
Sr Full Stack Systems Architect (Angular/Vue.js/React),HaysviaHays PLC,"Raleigh, NC",https://stackoverflow.com/jobs/373017
Full Stack Cloud Developer,Maxdoro,"Amersfoort, Netherlands",https://stackoverflow.com/jobs/361983
DevOps Engineer,Voice,"Brooklyn, NY",https://stackoverflow.com/jobs/432993
TypeScript Engineer,Royce Corporation,"Aventura, FL",https://stackoverflow.com/jobs/372372
Solutions Architect - Retail,Amazon Web Services,"London, UK",https://stackoverflow.com/jobs/391073
"Senior Frontend-Developer, Angular/Java (f/m/d) für Digital Asset Management",vjoon GmbH,"Bönningstedt, Deutschland",https://stackoverflow.com/jobs/387383
Java Software Engineering - Technical Lead - Vice President,"JPMorgan Chase Bank, N.A.","London, UK",https://stackoverflow.com/jobs/456852
Node.js Developer (m/w/d),REWE Digital GmbH,"Köln, Deutschland",https://stackoverflow.com/jobs/410687
"Senior Software Engineer, Front End","Skuid, Inc.",No office location,https://stackoverflow.com/jobs/445854
Software Engineers - Bristol,OVO Group,"Bristol, UK",https://stackoverflow.com/jobs/362074
Engineering Manager,Ogury,"Paris, France",https://stackoverflow.com/jobs/432940
Lead Frontend Developer (m/f/d),Assecor GmbH,"Berlin, Deutschland",https://stackoverflow.com/jobs/445827
Staff Fullstack Software Engineer,Quizlet,"San Francisco, CA",https://stackoverflow.com/jobs/362367
Software Engineers - London,OVO Group,"London, UK",https://stackoverflow.com/jobs/362603
Principal Solutions Architect - AWS,Amazon Web Services,"London, UK",https://stackoverflow.com/jobs/391077
Senior TypeScript Developer,Vizir Software Studio,"República, Brazil",https://stackoverflow.com/jobs/421526
"Sr. Fullstack Engineer, Digital Consumer Products (North & South America Only)",Superformula,No office location,https://stackoverflow.com/jobs/457049
Director of Engineering,"Team Go, Inc",No office location,https://stackoverflow.com/jobs/457044
Fully Remote - Senior Frontend Engineer - React,MerakiviaSource Coders,No office location,https://stackoverflow.com/jobs/457043
Senior Software Architect,Practichem,No office location,https://stackoverflow.com/jobs/457036
Computer Scientist - Software Engineer/Cyber Developer - Entry to Experienced,National Security Agency,"Fort Meade, MD",https://stackoverflow.com/jobs/410474
Node.js Software Engineer,Exzeo,"Tampa, FL",https://stackoverflow.com/jobs/445482
Senior Software Engineer,SAP,"Atlanta, GA",https://stackoverflow.com/jobs/439237
Senior Software Engineer - SAP Concur Digital Adoption Platform,SAP,"Vancouver, BC, Canada",https://stackoverflow.com/jobs/447561
Software Engineering-J2ee  Developer,"JPMorgan Chase Bank, N.A.","Hyderabad, India",https://stackoverflow.com/jobs/456851
Staff Engineer to Lead Web Platform Development,Embark Vet,"Boston, MA",https://stackoverflow.com/jobs/456831
"'Next Chapter' Returnship Program - Software Engineer, Data Platform",Audible,"Newark, NJ",https://stackoverflow.com/jobs/456813
Join G2i as a 100% Remote Node Engineer | Fully Remote Position | G2i Collective,G2i Inc,No office location,https://stackoverflow.com/jobs/405883
Senior Softwareentwickler (w/m/d),INVERS GmbH,"Köln, Deutschland",https://stackoverflow.com/jobs/410436
JavaScript Developer for Electron App,Scalable Path,No office location,https://stackoverflow.com/jobs/456806
Ruby on Rails Developer (m/w/d),evopark GmbH,"Köln, Deutschland",https://stackoverflow.com/jobs/432591
Backend Developer node.js (m/w/d),Peek & Cloppenburg KG Düsseldorf,"Düsseldorf, Deutschland",https://stackoverflow.com/jobs/432539
TECH LEAD (F/H),Octo Technology,"Paris, France",https://stackoverflow.com/jobs/445447
Senior Frontend/Full-stack Engineer – React.js / Nodejs @Fintech (m/f/div),Elinvar GmbH,"Berlin, Germany",https://stackoverflow.com/jobs/408491
System- and Database-Administrator (f/m/d),AddApptr GmbH,"Hamburg, Germany",https://stackoverflow.com/jobs/272132
"Full-Stack Engineer (Java, Spring, Angular, Node)",buildit,"Kraków, Poland",https://stackoverflow.com/jobs/298653
Application / Senior Application Developer [Full-stack],ThoughtWorks Inc.,"Bengaluru, India",https://stackoverflow.com/jobs/432559
Native Client UI Engineer,Roon Labs LLC,No office location,https://stackoverflow.com/jobs/393284
Full Stack Developer,AppnovationviaHays PLC,"Cardiff, UK",https://stackoverflow.com/jobs/456773
Angular / TypeScript developer (remote),FirstBlood,No office location,https://stackoverflow.com/jobs/450355
Senior Full Stack Developer,EduMe Ltd,"London, UK",https://stackoverflow.com/jobs/456767
Full Stack JavaScript Developer,Testlio Inc.,"Tallinn, Estonia",https://stackoverflow.com/jobs/445415
Senior Full Stack Developer (Javascript),AdPushup Software India Pvt Ltd,"New Delhi, India",https://stackoverflow.com/jobs/432544
Web Engineer,Signal AI,"London, UK",https://stackoverflow.com/jobs/273615
Software Engineer - Build the next generation of AI platform,Signal AI,"London, UK",https://stackoverflow.com/jobs/246027
Full Stack Entwickler (Java/JavaScript) - innovatives CRM (m/w/d),Haufe Group,"Freiburg im Breisgau, Germany",https://stackoverflow.com/jobs/445404
Lead Software Engineer - Publishing Platform,Voodoo.io,"Paris, France",https://stackoverflow.com/jobs/410369
Back-End TypeScript developer,vestr,"Lviv, Ukraine",https://stackoverflow.com/jobs/361932
Lead Software Engineer - Game Optimization Platform,Voodoo.io,"Paris, France",https://stackoverflow.com/jobs/410368
Front-End JavaScript developer.,vestr,"Lviv, Ukraine",https://stackoverflow.com/jobs/361930
Data Engineer (m/f/d) - Data & Application,OLDENDORFF CARRIERS GmbH & Co. KG,"Lübeck, Deutschland",https://stackoverflow.com/jobs/456761
Trainer (m/f/d) for Full Stack Web and App Development (permanent or freelance),WBS Gruppe,"Berlin, Deutschland",https://stackoverflow.com/jobs/410364
Lead Data Scientist (m/f/d),e-bot7 GmbH,"München, Germany",https://stackoverflow.com/jobs/456760
Senior DevOps / Site Reliability Engineer (m/f/d),Finanzchef24 GmbH,"München, Germany",https://stackoverflow.com/jobs/438757
Senior Full Stack Webentwickler (m/w/d),Thomann Digitalteam,"Berlin, Germany",https://stackoverflow.com/jobs/445389
Senior Front-End Engineer (WebGL),Huddle HQ,No office location,https://stackoverflow.com/jobs/421326
Quality Automation Engineer,F-Secure,"Helsinki, Finland",https://stackoverflow.com/jobs/445058
Web Engineer - Backend,Canva,"Sydney, Australia",https://stackoverflow.com/jobs/445291
Node.JS Engineer to help build our microservices architecture,Beamery,"London, UK",https://stackoverflow.com/jobs/437531
"Senior Software (Backend) Engineer - Nodejs, Go, Javascript",Beamery,"London, UK",https://stackoverflow.com/jobs/394446
Senior Backend Engineer,All Turtles,No office location,https://stackoverflow.com/jobs/410147
Backend Node.js Javascript Engineer,Breezy HR,No office location,https://stackoverflow.com/jobs/445287
Senior Frontend Software Developer,Cesium,"Philadelphia, PA",https://stackoverflow.com/jobs/421202
Back End Developer (Remote),TMP Worldwide,No office location,https://stackoverflow.com/jobs/445285
Senior Back End Developer (Remote),TMP Worldwide,No office location,https://stackoverflow.com/jobs/445284
Technical Product Owner - Platform & Developer Experience,Choco,"Berlin, Germany",https://stackoverflow.com/jobs/456737
Senior Backend Engineer - NodeJS,Choco,"Berlin, Germany",https://stackoverflow.com/jobs/456734
Engineering Manager - Payments & Monetization,Choco,"Berlin, Germany",https://stackoverflow.com/jobs/456731
Engineering Manager - Backend Platform (NodeJS),Choco,"Berlin, Germany",https://stackoverflow.com/jobs/456730
Mid-Level Back-End Engineer,Ruggable,"Gardena, CA",https://stackoverflow.com/jobs/372569
Senior Software Engineer (PHP),PSP Media,No office location,https://stackoverflow.com/jobs/316000
Senior Fullstack Engineer - AR Infrastructure,Mira Labs,"Los Angeles, CA",https://stackoverflow.com/jobs/372564
Senior JavaScript Engineer,"JPMorgan Chase Bank, N.A.","Columbus, OH",https://stackoverflow.com/jobs/456719
"Sr. Software Engineer - Micro services, NA","JPMorgan Chase Bank, N.A.","Phoenix, AZ",https://stackoverflow.com/jobs/456621
Senior Software Engineer who likes Microservices - not Micromanagement,Praetorian CybersecurityviaUplink Software Solutions,No office location,https://stackoverflow.com/jobs/421102
Senior Full Stack Engineer,Qualio,"Stafford, TX",https://stackoverflow.com/jobs/456577
Senior Web Engineer,Homer,No office location,https://stackoverflow.com/jobs/456572
"Full Stack Engineer (React, Node, TypeScript): Remote (Global, CET aligned)",Modus Create,No office location,https://stackoverflow.com/jobs/456571
Fullstack Developer (with Java),Grand Parade,"Kraków, Poland",https://stackoverflow.com/jobs/456558
QA Engineer,tastyworks,"Chicago, IL",https://stackoverflow.com/jobs/410118
Senior Backend Engineer at sustainable mobility Start-up,finn.auto,"München, Germany",https://stackoverflow.com/jobs/331741
Full Stack Software Engineer - Web,"JPMorgan Chase Bank, N.A.","Seattle, WA",https://stackoverflow.com/jobs/456415
Senior Fullstack Engineer (f/m/d),Wonder,"Berlin, Germany",https://stackoverflow.com/jobs/456549
Senior Backend + AWS Developer - Small Company - Disruptive Product,nxtedition,"Malmö, Sweden",https://stackoverflow.com/jobs/372529
"Full Stack Senior Web Developer, Small Company - Disruptive Product",nxtedition,"Malmö, Sweden",https://stackoverflow.com/jobs/166416
Senior DevOps Engineer (m/f/d),JOIN Solutions AG,"Berlin, Deutschland",https://stackoverflow.com/jobs/456543
Virtual Web Development Teacher (m/f/d),DCI - Digital Career Institute gGmbH,"Berlin, Deutschland",https://stackoverflow.com/jobs/336355
Back-end Software Engineer,Billhop,"Stockholm, Sweden",https://stackoverflow.com/jobs/315077
iOS Engineer,Durstexpress GmbH,"Berlin, Deutschland",https://stackoverflow.com/jobs/364025
Backend Engineer - Working Student (m/f/d),Motius GmbH,"München, Deutschland",https://stackoverflow.com/jobs/456520
Site Reliability Engineer,William Hill,Gibraltar,https://stackoverflow.com/jobs/454385
Senior Software Engineer,OpenLearning,"Surry Hills, Australia",https://stackoverflow.com/jobs/420922
Bellish - Mobile Developer,Bellish,"Stafford, TX",https://stackoverflow.com/jobs/456505
Full stack software engineer,Ailo,"Melbourne, Australia",https://stackoverflow.com/jobs/372382
"Software Engineer II, Systems (fully remote available)",Axiom,"Bellevue, WA",https://stackoverflow.com/jobs/444715
Senior Frontend Engineer,Avail,"San Francisco, CA",https://stackoverflow.com/jobs/456496
Software developer,"JPMorgan Chase Bank, N.A.","Westerville, OH",https://stackoverflow.com/jobs/456325
Senior Python Engineer,Tivix,"Wrocław, Poland",https://stackoverflow.com/jobs/420641
Senior Software Engineer - Electron,Metaswitch Networks,"London Borough of Enfield, UK",https://stackoverflow.com/jobs/456318
Senior Backend Engineer,Mimacom,"Madrid, Spain",https://stackoverflow.com/jobs/456308
Full Stack PHP Web Developer,"Outreach, Inc.","Colorado Springs, CO",https://stackoverflow.com/jobs/364886
Full-Stack Software Engineer,Deepsense,"Paris, France",https://stackoverflow.com/jobs/444533
Senior Full Stack Developer - Remote,Insider,No office location,https://stackoverflow.com/jobs/456301
Senior Developer - Java (7-11 Yrs.) (Globalization Services),SAP,"Bengaluru, India",https://stackoverflow.com/jobs/430723
Full Stack JavaScript Developer,Blink,"London, UK",https://stackoverflow.com/jobs/456260
Frontend Developer - React,Blink,"London, UK",https://stackoverflow.com/jobs/456258
React Native Developer,Undefined LLC,"Louisville, KY",https://stackoverflow.com/jobs/455025
Senior Scala Engineer,Blink,"London, UK",https://stackoverflow.com/jobs/456256
Senior Backend Node.JS Developer,Vamoos Ltd,"London, UK",https://stackoverflow.com/jobs/420527
Full Stack Engineer,SpotMe,No office location,https://stackoverflow.com/jobs/114053
Full Stack Software Developer - Java (all genders) Full-/Part-time,Accenture DACH,"Zürich, Switzerland",https://stackoverflow.com/jobs/391300
Front-End Web Developer (all genders) Full-/Part-time,Accenture DACH,"Frankfurt, Germany",https://stackoverflow.com/jobs/391299
Technical Architecture Consultant (all genders) Full-/Part-time,Accenture DACH,"Düsseldorf, Germany",https://stackoverflow.com/jobs/391295
PHP/Laravel Developer (m/w/d),OC Development GmbH,"Prien am Chiemsee, Deutschland",https://stackoverflow.com/jobs/402710
Fullstack Developer,x-cellent technologies GmbH,"München, Deutschland",https://stackoverflow.com/jobs/365339
Fullstack Engineer,SimplexviaWork in Lithuania,"Vilnius, Lithuania",https://stackoverflow.com/jobs/444499
"Senior Fullstack Developer (Node, Typescript, Vue - UK only)",Primary Bid Ltd,No office location,https://stackoverflow.com/jobs/456234
Full Stack Software Developer: Fast Growing eCommerce Start-up,GlamCorner,"Sydney, Australia",https://stackoverflow.com/jobs/456231
Senior Backend Software Engineer - Edge Computing,Prescriptive Data LLC,"New York, NY",https://stackoverflow.com/jobs/431815
Lead Mobile Developer,"Leadr, Inc","Plano, TX",https://stackoverflow.com/jobs/456217
Senior Backend Engineer (m/w/d),Finanzchef24 GmbH,"München, Germany",https://stackoverflow.com/jobs/456199
Software Engineering,"JPMorgan Chase Bank, N.A.","Bengaluru, India",https://stackoverflow.com/jobs/456128
Senior Java Developer,CGI IT UK LTD,"Edinburgh, UK",https://stackoverflow.com/jobs/420106
Lead Back-End Programmer – Live Services,Creative Assembly,"Horsham, UK",https://stackoverflow.com/jobs/456044
Senior Software Engineer,Doctolib,"Levallois-Perret, France",https://stackoverflow.com/jobs/456043
Développeur-euse Fullstack,Doctolib,"Levallois-Perret, France",https://stackoverflow.com/jobs/456042
"Backend Developer PHP, MySQL, Java, C (f/m/d)",AddApptr GmbH,"Hamburg, Germany",https://stackoverflow.com/jobs/431667
Software Architect,Dream Broker,"Helsinki, Finland",https://stackoverflow.com/jobs/422169
Algo Developer in Rust,Keyrock,"Bruxelles, Belgium",https://stackoverflow.com/jobs/456011
3D Software Developer (SNPS) - Build 3D models for public good,Government Technology Agency of Singapore,Singapore,https://stackoverflow.com/jobs/409517
Software Developer (m/f/i) with a Focus on Automated CT Inspection,Volume Graphics GmbH,"Heidelberg, Deutschland",https://stackoverflow.com/jobs/270152
Software Engineer,IPD Analytics,"Miami, FL",https://stackoverflow.com/jobs/347671
Full Stack Developer (SNPS) - Build platforms at national scale,Government Technology Agency of Singapore,Singapore,https://stackoverflow.com/jobs/409515
Senior Python Developer,Trax Retail Ltd,"Tel Aviv-Yafo, Israel",https://stackoverflow.com/jobs/456002
Senior Full Stack Developer,Trax Retail Ltd,"Tel Aviv-Yafo, Israel",https://stackoverflow.com/jobs/456000
Backend Software Engineer,PrestaCap Services,"Berlin, Germany",https://stackoverflow.com/jobs/406189
Senior Full Stack / Java Developer,Topic Embedded Systems B.V.,"Eindhoven, Netherlands",https://stackoverflow.com/jobs/335807
Senior Cloud Engineer,New10 B.V.,"Amsterdam, Netherlands",https://stackoverflow.com/jobs/455987
Senior Backend Engineer,Voodoo.io,"Paris, France",https://stackoverflow.com/jobs/420064
Senior Android Engineer Migros App (w/m/d) 80% - 100%,LeShop,"Zürich, Schweiz",https://stackoverflow.com/jobs/455984
Mid-Level Javascript & PHP Entwickler(in) für spannende Webapplikationen,4eyes GmbH,"Basel, Schweiz",https://stackoverflow.com/jobs/420062
Senior iOS Engineer Migros App (w/m/d) 80% - 100%,LeShop,"Zürich, Schweiz",https://stackoverflow.com/jobs/455983
Database Reliability Engineer (DBRE) - Remote-US,NAVIS,No office location,https://stackoverflow.com/jobs/431396
Senior Software Engineer - iOS,Realtor.com,"Richmond, BC, Canada",https://stackoverflow.com/jobs/455959
Staff Software Engineer - Full-stack/Front-end,Realtor.com,"Richmond, BC, Canada",https://stackoverflow.com/jobs/455956
Senior Software Engineer - Data Engineering,Realtor.com,"Morgantown, WV",https://stackoverflow.com/jobs/455955
Senior Site Reliability Engineer (Distributed Storage),"Wikimedia Foundation, Inc.",No office location,https://stackoverflow.com/jobs/455953
Senior Software Engineer - Instrumentation,Realtor.com,"Santa Clara, CA",https://stackoverflow.com/jobs/455952
Staff Software Engineer,Realtor.com,"Austin, TX",https://stackoverflow.com/jobs/455951
Senior Software Engineer,Realtor.com,"Austin, TX",https://stackoverflow.com/jobs/455950
"Solutions Architect, Manager",Amazon Web Services,"Tel Aviv-Yafo, Israel",https://stackoverflow.com/jobs/390122
Principal Software Engineer,buildit,"Brooklyn, NY",https://stackoverflow.com/jobs/431377
Back-End Software Engineer for Web Solutions (f/m/d),Erste Group,"Wien, Österreich",https://stackoverflow.com/jobs/455923
Experienced Full-stack Rails Developer,BloodHub,No office location,https://stackoverflow.com/jobs/145818
Technical Scrum Master/Developer,Crakmedia,"Québec, QC, Canada",https://stackoverflow.com/jobs/455795
Back-end Developer,Crakmedia,"Québec, QC, Canada",https://stackoverflow.com/jobs/455794
"Frontend Developer | Typescript, HTML/CSS",Rentman,"Utrecht, Netherlands",https://stackoverflow.com/jobs/288996
Applications and Systems Support Engineer,Veterinary Information Network,"Davis, CA",https://stackoverflow.com/jobs/455763
Software Development Manager,Fresh Technology,No office location,https://stackoverflow.com/jobs/455773
Software Developer - Music Systems,Octave Group,"Montreal, QC, Canada",https://stackoverflow.com/jobs/455769
Lead Développeur Full-Stack PHP Symfony / JavaScript (F/H) – CDI – Paris,SkillValue,"Paris, France",https://stackoverflow.com/jobs/431240
Senior Full Stack Engineer,Namaste Technologies,No office location,https://stackoverflow.com/jobs/455751
DevOps Engineer,AIR MILES,"Toronto, ON, Canada",https://stackoverflow.com/jobs/431237
Senior Professional Cloud Developer JavaScript (w/m),dormakaba Schweiz AG,"Wetzikon, Switzerland",https://stackoverflow.com/jobs/455749
Senior Electron Engineer,Exodus.io,No office location,https://stackoverflow.com/jobs/455748
Software Engineer,Homee,"Cincinnati, OH",https://stackoverflow.com/jobs/361272
(Senior) PHP Developer Symfony (m/f/d),EQS Group,"München, Deutschland",https://stackoverflow.com/jobs/280606
Senior Frontend Engineer (m/f/d) Angular,EQS Group,"München, Deutschland",https://stackoverflow.com/jobs/280605
"Tech Lead (f/m) 80-100%, remote friendly position",ricardo.ch,"Zug, Switzerland",https://stackoverflow.com/jobs/412789
Senior Frontend Developer to create eCommerce payment solutions,Nets Group,"Oslo, Norway",https://stackoverflow.com/jobs/439741
"Senior Software Developer, Workforce Optimization",RELEX,"Helsinki, Finland",https://stackoverflow.com/jobs/455734
Senior Product Security Engineer,News UK,"London, UK",https://stackoverflow.com/jobs/455733
Software Tester,Blueprint Genetics,"Espoo, Finland",https://stackoverflow.com/jobs/455233
Full-Stack Developers,Blueprint Genetics,"Espoo, Finland",https://stackoverflow.com/jobs/455231
Cloud Engineers,Blueprint Genetics,"Espoo, Finland",https://stackoverflow.com/jobs/455234
Experienced Developers from any background,Mitrais,"Kecamatan Denpasar Selatan, Indonesia",https://stackoverflow.com/jobs/455717
Software Engineer - Backend/Server,Shopee Singapore Private Limited,Singapore,https://stackoverflow.com/jobs/398052
React Native Developer (m/f/d),medpex Versandapotheke,"Mannheim, Deutschland",https://stackoverflow.com/jobs/292826
Senior Full Stack Developer,Nirveda Cognition Inc.,"Glendale, CA",https://stackoverflow.com/jobs/431098
JavaScript Developer for leading UK Tech company. Farnborough,Autologyx,"Farnborough, UK",https://stackoverflow.com/jobs/419245
Consultant Industry X / Internet of Things Entwickler (all genders),Accenture DACH,"Düsseldorf, Germany",https://stackoverflow.com/jobs/443609
Node - Full Stack Development,Wipro Digital,"Pune, India",https://stackoverflow.com/jobs/419235
Front End Developer (f/m/d),Retresco GmbH,"Berlin, Deutschland",https://stackoverflow.com/jobs/299271
"Senior Frontend Developer interested in React, Vue or Svelte",5 Monkeys Agency AB,"Stockholm, Sweden",https://stackoverflow.com/jobs/443605
Backend Developer – Python/Django,5 Monkeys Agency AB,"Stockholm, Sweden",https://stackoverflow.com/jobs/443604
Backend Developer – Python/Django,5 Monkeys Agency AB,"Göteborg, Sweden",https://stackoverflow.com/jobs/443603
Join us scale our backend for a better future of housing for everyone,Home HT,"Berlin, Germany",https://stackoverflow.com/jobs/201217
Use your React skills to shape the future of housing,Home HT,"Berlin, Germany",https://stackoverflow.com/jobs/201057
Goldman Sachs JavaScript React GUI Developer/Front End Engineer Equities,Goldman SachsviaHays PLC,"London, UK",https://stackoverflow.com/jobs/276325
React Engineer building real-time user interface | Equities Electronic Trading,Goldman SachsviaHays PLC,"London, UK",https://stackoverflow.com/jobs/274390
Angular Frontend Engineer (Senior) - For Cloud Telephony (m/f/d),NFON AG,"Berlin, Deutschland",https://stackoverflow.com/jobs/390285
Senior Software Engineer with Lead Function (m/f/d),VMRay,"Bochum, Deutschland",https://stackoverflow.com/jobs/443585
Développeur PHP/NodeJS (H/F),Groupe La Centrale,"Paris, France",https://stackoverflow.com/jobs/443586
Backend Engineer (m/w/d) Mobile Gateway,REWE Digital GmbH,"Köln, Deutschland",https://stackoverflow.com/jobs/419213
Fullstack-Software Developer (m/w/d),DriveCon GmbH,"Würzburg, Deutschland",https://stackoverflow.com/jobs/388812
Senior Backend Java Engineer,Hypixel Studios,No office location,https://stackoverflow.com/jobs/443568
IT Expert - Software Architekt (m/f/d),Zielpuls GmbH,"München, Germany",https://stackoverflow.com/jobs/371742
Trainer (m/f/d) for Web Development (part-time&freelance),WBS Gruppe,No office location,https://stackoverflow.com/jobs/417141
Backend Engineer,"Volusion, LLC","Austin, TX",https://stackoverflow.com/jobs/443235
Senior Full Stack Engineer,"Volusion, LLC","Austin, TX",https://stackoverflow.com/jobs/443229
Senior Frontend Engineer,Voice,"Brooklyn, NY",https://stackoverflow.com/jobs/371432
"Senior Manager, Software Development",Glowforge,"Seattle, WA",https://stackoverflow.com/jobs/376906
Full Stack Front-end Developer,"JPMorgan Chase Bank, N.A.","Seattle, WA",https://stackoverflow.com/jobs/455588
Junior Software Engineer for Micro Frontends,smapiot,"München, Germany",https://stackoverflow.com/jobs/278008
Senior Software Engineer,Xactware,"Lexington, NE",https://stackoverflow.com/jobs/357295
Senior Full Stack PHP Developer (m/f/d) - Bielefeld/Berlin/Remote,Egoditor GmbH,"Berlin, Deutschland",https://stackoverflow.com/jobs/408861
"Microgen and Full stack Java Developer, Wealth Mgmt Trust & Estate Controls, VP","JPMorgan Chase Bank, N.A.",Singapore,https://stackoverflow.com/jobs/455399
DevOps Engineer (m/f/div) for Berlin,Elinvar GmbH,"Berlin, Germany",https://stackoverflow.com/jobs/419676
"Application Developer, Coimbatore",ThoughtWorks Inc.,"Coimbatore, India",https://stackoverflow.com/jobs/430365
Senior Fullstack Software Engineer - Hotel Marketing,trivago N.V,"Düsseldorf, Germany",https://stackoverflow.com/jobs/430362
Full Stack Cloud Engineer (80-100%),Beecom Products AG,"Zürich, Switzerland",https://stackoverflow.com/jobs/443004
Senior macOS Developer,F-Secure,"Helsinki, Finland",https://stackoverflow.com/jobs/430335
Save the Pony from the hungry Domokun and join our Business Systems Team!,Trustpilot,"Copenhagen, Denmark",https://stackoverflow.com/jobs/240561
"Software Architect, PHP",Docler Holding,Luxembourg,https://stackoverflow.com/jobs/206535
"Staff Engineer, Front End",Docler Holding,Luxembourg,https://stackoverflow.com/jobs/246029
Senior Backend Developer (m/f/d),Cluno GmbH,"München, Deutschland",https://stackoverflow.com/jobs/442962
Senior Cloud Native Java Developer (Remote United States),Railroad19,No office location,https://stackoverflow.com/jobs/455418
Senior Application Developer,Blend HRM Inc,"Toronto, ON, Canada",https://stackoverflow.com/jobs/442571
"Senior Fullstack Software Engineer, Growth and Enablement",Auth0,No office location,https://stackoverflow.com/jobs/455388
"Digital Innovation, Senior Software Engineer","JPMorgan Chase Bank, N.A.","Columbus, OH",https://stackoverflow.com/jobs/455345
Software Engineer Java Full Stack Must live in Eastern or Central Time Zone USA,"Cardinal Financial Company, LP",No office location,https://stackoverflow.com/jobs/350467
Senior Full-Stack Developer | 100% Remote | (US Only),GovSpend,No office location,https://stackoverflow.com/jobs/252175
Frontend Software Engineer (WebGL 3D WebApp) - 360 Documentation in Construction,bitstars GmbH - a HoloBuilder company,"Aachen, Germany",https://stackoverflow.com/jobs/313141
Senior Backend Engineer (m/f/d) - Node.js,Motius GmbH,"München, Deutschland",https://stackoverflow.com/jobs/433911
"Manager, Solutions Architect",Blend HRM Inc,"Denver, CO",https://stackoverflow.com/jobs/442199
Node.js / React Fullstack (all Levels),Check24viaZero to One Search,"Munich, Germany",https://stackoverflow.com/jobs/442198
Full Stack Developer (Node.js & React),GlassDollar,No office location,https://stackoverflow.com/jobs/455219
Node.js Backend Engineer (m/f/d),lengoo,"Berlin, Germany",https://stackoverflow.com/jobs/429674
Senior Front-end / JS Developer,iubenda,No office location,https://stackoverflow.com/jobs/429655
Full Stack Engineer | digital healthcare enabling 3D-printed orthopedic implants,TOKA MedTech / 3D Metal PrintingviaTechfolk Ltd,"Bath, UK",https://stackoverflow.com/jobs/455190
Node.JS backend developer,Jumbo Supermarkets,"Veghel, Netherlands",https://stackoverflow.com/jobs/216903
Java Software Engineer,"JPMorgan Chase Bank, N.A.","Columbus, OH",https://stackoverflow.com/jobs/455114
Webentwickler*in (d/m/w) in Köln oder Heikendorf bei Kiel,FLS GmbH (Fast Lean Smart),"Heikendorf, Deutschland",https://stackoverflow.com/jobs/442163
Software Development Engineer (Full stack Javascript),Marks & Spencer,"London, UK",https://stackoverflow.com/jobs/442160
Front-End Web Engineer,BlaBlaCar,"Paris, France",https://stackoverflow.com/jobs/408445
Mid-Level Front-end Responsive Developer,Graphic Language,No office location,https://stackoverflow.com/jobs/418286
Manager of Software Development - SaaS Products,NAVIS,"Bend, OR",https://stackoverflow.com/jobs/334074
Join G2i as a 100% Remote React Engineer (Native or Web) | Fully Remote Position,G2i Inc,No office location,https://stackoverflow.com/jobs/229077
Cloud Architect,uShip,"Austin, TX",https://stackoverflow.com/jobs/408185
Engineering Manager (m/f/d),Westwing Home & Living,"München, Deutschland",https://stackoverflow.com/jobs/455035
"Vice President, Product",FiscalNote,"Washington, DC",https://stackoverflow.com/jobs/455031
Site Reliability Engineer,Kodify Media Group,"Barcelona, Spain",https://stackoverflow.com/jobs/455028
Front End Developer,OneDay Group,"Milano, Italy",https://stackoverflow.com/jobs/441741
React Native Engineer - JavaScript / TypeScript (m/f/d),ProSiebenSat.1 Media SE,"München, Deutschland",https://stackoverflow.com/jobs/346399
Software Engineer - Full-stack -London,The Orchard,"London, UK",https://stackoverflow.com/jobs/371082
Fullstack Developer,chess24,"Hamburg, Germany",https://stackoverflow.com/jobs/455005
Senior Health-Tech Software Engineer,Juxly,"Springfield, MO",https://stackoverflow.com/jobs/425126
Senior backend developer (PHP and/or Node.js),SalesChamp,"Brno, Czechia",https://stackoverflow.com/jobs/441769
Erfahrener Web-Entwickler (m/w/d) für den IServ Schulserver,IServ GmbH,"Braunschweig, Deutschland",https://stackoverflow.com/jobs/408160
Senior Software Developer Web Applications Frontend – Entwickler Web-Applikation,"Dentsply Sirona, The Dental Solutions Company™","Bensheim, Deutschland",https://stackoverflow.com/jobs/441767
Senior Full Stack Developer/C# .NET,FintechOS,"Bucharest, Romania",https://stackoverflow.com/jobs/408143
Front-end Software Engineer - Deliver citizen-centric web apps,Government Technology Agency of Singapore,Singapore,https://stackoverflow.com/jobs/408128
Software Engineer - Build digital solutions for the public good,Government Technology Agency of Singapore,Singapore,https://stackoverflow.com/jobs/408126
Backend Engineer - Python (m/f/d),Laya Technologies,"München, Deutschland",https://stackoverflow.com/jobs/333801
Développeuse / Développeur Full Stack (JavaScript) - Paris,Zenika,"Paris, France",https://stackoverflow.com/jobs/371046
Back End Developer,OneDay Group,"Milano, Italy",https://stackoverflow.com/jobs/441743
Web Developer,Milestone IT,"Hawthorn, Australia",https://stackoverflow.com/jobs/454961
Lead Vue.js / PHP developer,HUBX,No office location,https://stackoverflow.com/jobs/397027
Full Stack Developer (MERN),Kryha B.V.,"Amsterdam, Netherlands",https://stackoverflow.com/jobs/454975
Frontend / React Developer,"KiteString Technical Services, formerly LJSA.",No office location,https://stackoverflow.com/jobs/454950
Software Engineer (Backend),Kea,"Mountain View, CA",https://stackoverflow.com/jobs/441532
DevOps Engineer,Interpersonal Frequency,No office location,https://stackoverflow.com/jobs/418211
Senior FullStack Engineer,NWR CORP,No office location,https://stackoverflow.com/jobs/454920
Senior WebXR Games Engineer,NWR CORP,No office location,https://stackoverflow.com/jobs/454917
Java Software Engineer,"JPMorgan Chase Bank, N.A.","Columbus, OH",https://stackoverflow.com/jobs/454909
Front End Software Engineer,Global Reach Consulting LLC,"Reston, VA",https://stackoverflow.com/jobs/417838
Sr React Engineer to build a Smart Building OS,Prescriptive Data LLC,"New York, NY",https://stackoverflow.com/jobs/407786
Sr. Full Stack Developer,Ceros,No office location,https://stackoverflow.com/jobs/408163
"Sr Kubernetes + Terraform to deploy Smart building infrastructure, Full time",Prescriptive Data LLC,"New York, NY",https://stackoverflow.com/jobs/407781
Principal Site Reliability Engineer (Java /Azure),HaysviaHays PLC,"Austin, TX",https://stackoverflow.com/jobs/417831
Front End Software Engineer,Frequence,"Mountain View, CA",https://stackoverflow.com/jobs/454754
Full-Stack Web Developer (m/w/d),Reply,"Potsdam, Germany",https://stackoverflow.com/jobs/454749
"Fullstack Developer (m/f/d) - Munich, Germany",Westwing Home & Living,"München, Deutschland",https://stackoverflow.com/jobs/415638
"PHP Tech Lead (m/f/d) - Munich, Germany",Westwing Home & Living,"München, Deutschland",https://stackoverflow.com/jobs/424238
"Tech Lead JS & PHP (m/f) - Warsaw, Poland",Westwing Home & Living,"Warschau, Polen",https://stackoverflow.com/jobs/408785
Senior Full Stack Engineer,GooseChase,No office location,https://stackoverflow.com/jobs/454745
JavaScript/TypeScript Node Developer - Remote Full-Time W2,TSP Consulting,"Mount Laurel Township, NJ",https://stackoverflow.com/jobs/454744
Full Stack Software Engineer,"WambaTech, Inc.","Royal Oak, MI",https://stackoverflow.com/jobs/355859
Node JS BackEnd Engineer,Facile.it,"Milan, Italy",https://stackoverflow.com/jobs/441393
Senior Web Architect (.NET / Javascript),Arcanys,No office location,https://stackoverflow.com/jobs/243370
Javascript Developer - Angular or Node.js,Arcanys,"Ho Chi Minh City, Vietnam",https://stackoverflow.com/jobs/243364
Senior Software Engineer- REMOTE,DMG,No office location,https://stackoverflow.com/jobs/293234
Javascript Developer - Angular or Node.js,Arcanys,"Cebu City, Philippines",https://stackoverflow.com/jobs/243375
Sr. Full Stack Developer in MedTech (m/f/d) - (Help build new team),Smart Reporting GmbH,"Savassi, Brazil",https://stackoverflow.com/jobs/331710
Javascript Full Stack Developer,Xpand IT,"Lisboa, Portugal",https://stackoverflow.com/jobs/386448
Full Stack Developer,EduMe Ltd,"London, UK",https://stackoverflow.com/jobs/441368
Smart TV Frontend developer [Dutch Speaking],Triple,"Alkmaar, Netherlands",https://stackoverflow.com/jobs/407725
React Front End Developer,we.CONECT Global Leaders GmbH,"Berlin, Deutschland",https://stackoverflow.com/jobs/441366
Lead Développeur Full-Stack PHP Symfony / JavaScript (F/H) – CDI – Paris,SkillValue,"Paris, France",https://stackoverflow.com/jobs/417781
Front-end Developer,Triple,"Alkmaar, Netherlands",https://stackoverflow.com/jobs/407700
Technical Lead -React js,Wipro Digital,"Bengaluru, India",https://stackoverflow.com/jobs/417686
Full Stack PHP Developer,DkR,"Lomazzo, Italy",https://stackoverflow.com/jobs/396797
Software Engineer,ShapeShift,"Denver, CO",https://stackoverflow.com/jobs/428730
Senior PHP Developer (Full Time Contract),Personalized Gems,"Toronto, ON, Canada",https://stackoverflow.com/jobs/454602
Senior Software Engineer,ShapeShift,"Denver, CO",https://stackoverflow.com/jobs/428723
Full-Stack Developer,TrinityRock Advisors,"Boston, MA",https://stackoverflow.com/jobs/345792
Lead Frontend Developer,Inspired Thinking Group (ITG) Ltd.,"Birmingham, UK",https://stackoverflow.com/jobs/454588
Senior Software Engineer - Frontend/Fullstack,Rollbar,No office location,https://stackoverflow.com/jobs/454577
Senior backend / embedded systems engineer (REMOTE in NC),NDSL Inc,"Raleigh, NC",https://stackoverflow.com/jobs/441052
DevOps Engineer (m/f/d),relayr GmbH,"Berlin, Germany",https://stackoverflow.com/jobs/454478
Frontend Software Engineer (f/m/d),zooplus AG,"Madrid, Spain",https://stackoverflow.com/jobs/454475
(Lead) Java Backend Developer (m/f/x),Lendico Deutschland GmbH,"Berlin, Deutschland",https://stackoverflow.com/jobs/454474
Senior Fullstack Developer (m/w/d),RedTecLab GmbH,"Köln, Deutschland",https://stackoverflow.com/jobs/388850
Senior Fullstack Developer (m/w/d),RedTecLab GmbH,"Berlin, Deutschland",https://stackoverflow.com/jobs/388851
"Software-Entwickler für cloud-native Anwendungen, Full-Stack",Paessler AG,No office location,https://stackoverflow.com/jobs/412301
Front-end/ Mobile Software Engineer,DMG,No office location,https://stackoverflow.com/jobs/428575
"Success Engineer, Product",Embark Vet,"Boston, MA",https://stackoverflow.com/jobs/453544
Data Engineer,KidsLoop,"Seoul, South Korea",https://stackoverflow.com/jobs/440961
Senior Backend Developer,KidsLoop,"Seoul, South Korea",https://stackoverflow.com/jobs/440944
"Backend Engineer (C++, Golang, Nodejs)",SHIELD,Singapore,https://stackoverflow.com/jobs/262451
Backend Developer,KidsLoop,"Seoul, South Korea",https://stackoverflow.com/jobs/440931
Senior Developer (Contract) - Anguar8 and Node.js,Isentia,"Sydney, Australia",https://stackoverflow.com/jobs/453730
Javascript technical lead,Milestone IT,"Caulfield East, Australia",https://stackoverflow.com/jobs/184391
R&D software developer (Java) | Remote | MSc/Phd | Eastern Europe/Greece/Turkey,Open Door Logistics Ltd,No office location,https://stackoverflow.com/jobs/453725
Senior Python Developer,Mahisoft Inc,No office location,https://stackoverflow.com/jobs/453721
Lead Software Engineer,Hobsons,"Arlington, VA",https://stackoverflow.com/jobs/428204
API Gateway Developer,"JPMorgan Chase Bank, N.A.","Plano, TX",https://stackoverflow.com/jobs/453626
Senior Node.js Engineer  - Logistics Vendor (f/m/d),Delivery Hero SE,"Berlin, Germany",https://stackoverflow.com/jobs/391982
NodeJS Micro-services Architect (Uruguay or Argentina Only),Austin Software,"Montevideo, Uruguay",https://stackoverflow.com/jobs/452800
Software Engineer,Ogury,"Paris, France",https://stackoverflow.com/jobs/453541
Senior Go Microservices/AWS Developer (Remote),X-Team,No office location,https://stackoverflow.com/jobs/235208
Senior/Pleno TypeScript Back-end Developer @ Vizir,Vizir Software Studio,No office location,https://stackoverflow.com/jobs/453538
Software Engineer - Full Stack,"Ridgeline International, Inc.",No office location,https://stackoverflow.com/jobs/453534
Principal Site Reliability Engineer (Java /Azure),HaysviaHays PLC,"Austin, TX",https://stackoverflow.com/jobs/453532
Front-End Developer(React) | London | Perm | Greenfield,HaysviaHays PLC,"London, UK",https://stackoverflow.com/jobs/332557
Principal Engineer,Switch Payments,"Porto, Portugal",https://stackoverflow.com/jobs/428095
Senior Software Engineer (f/m/d) .NET and Angular,Verivox GmbH,"Heidelberg, Deutschland",https://stackoverflow.com/jobs/228185
Senior Frontend Engineer - Consumer Shop (f/m/d),Delivery Hero SE,"Berlin, Germany",https://stackoverflow.com/jobs/417136
Senior Full Stack Developer (PHP/JS/Infrastructure),SalesChamp,"Brno, Czechia",https://stackoverflow.com/jobs/427712
Senior/Staff Quality Assurance Automation Engineer - International Forward Deployed Engineering,Indeed,Singapore,https://stackoverflow.com/jobs/401798
Full Stack Developer (m/w/d),digitalmobil GmbH & Co. KG,"München, Deutschland",https://stackoverflow.com/jobs/425995
Full Stack .NET/MSSQL/JS Developer,MicroGSD,No office location,https://stackoverflow.com/jobs/406903
Senior Javascript Developer,Home Care Heroes,"Redfern, Australia",https://stackoverflow.com/jobs/416997
Senior Full Stack Developer,Servian,"Brisbane City, Australia",https://stackoverflow.com/jobs/427870
Typescript + React Engineer at Fully Remote Startup,"Shogun Labs, Inc",No office location,https://stackoverflow.com/jobs/427849
Senior UI full stack developer (REMOTE in NC),NDSL Inc,"Raleigh, NC",https://stackoverflow.com/jobs/440303
Senior Full Stack Engineer,AMBOSS,"Berlin, Germany",https://stackoverflow.com/jobs/427726
Senior Front End Engineer,AMBOSS,"Berlin, Germany",https://stackoverflow.com/jobs/427723
Software Engineer- Backend,"Devo Technology, Inc.","Madrid, Spain",https://stackoverflow.com/jobs/416806
Frontend Developer,SCALARA GmbH,"Cologne, Germany",https://stackoverflow.com/jobs/427677
Backend Developer,SCALARA GmbH,"Cologne, Germany",https://stackoverflow.com/jobs/427675
Senior Full Stack Webentwickler (m/w/d),Thomann Digitalteam,"Erlangen, Deutschland",https://stackoverflow.com/jobs/440231
Senior Java Backend Engineer - @Berlin-based Fintech Company,Elinvar GmbH,"Berlin, Germany",https://stackoverflow.com/jobs/408483
Full Stack Developer,Vertical Cloud Solution GmbH,"Darmstadt, Deutschland",https://stackoverflow.com/jobs/416789
Mobile App Developer (Remote),GitStart,No office location,https://stackoverflow.com/jobs/440223
"SOFTWARE ENTWICKLER (M/W/D) FÜR FULL-STACK-PROGRAMMIERUNG (JAVA, JAVASCRIPT)",Zielpuls GmbH,"München, Germany",https://stackoverflow.com/jobs/369941
"Senior Software Engineer, Apple Business Integration",Inline,"New York, NY",https://stackoverflow.com/jobs/440221
Senior Full Stack JavaScript Architect,GitStart,No office location,https://stackoverflow.com/jobs/341371
Software Engineer,Latitude FinancialviaHays PLC,"Docklands, Australia",https://stackoverflow.com/jobs/427429
Full Stack .NET/MSSQL Developer,MicroGSD,No office location,https://stackoverflow.com/jobs/406906
Cloud Engineer,Platform.sh,No office location,https://stackoverflow.com/jobs/439758
Platform Engineer,Voice,"Brooklyn, NY",https://stackoverflow.com/jobs/427298
Principal Full Stack Web Engineer,Johnson Controls,"Belfast, UK",https://stackoverflow.com/jobs/439752
Sr Software Engineer Backend,eBay,"Netanya, Israel",https://stackoverflow.com/jobs/387947
Senior Software Engineer - Full Stack,eBay,"Netanya, Israel",https://stackoverflow.com/jobs/387946
Microservices Frameworks - Software Engineering,JPMorgan Chase & Co.,"Jersey City, NJ",https://stackoverflow.com/jobs/427279
Senior Front-End Developer,"(Poly)Swarm Technologies, Inc","San Diego, CA",https://stackoverflow.com/jobs/452407
Microservices Frameworks - Software Engineering,JPMorgan Chase & Co.,"Jersey City, NJ",https://stackoverflow.com/jobs/427279
(Senior) Cloud Engineer (m/w/d),Engel & Völkers Technology GmbH,"Hamburg, Germany",https://stackoverflow.com/jobs/439720
Développeur Full-Stack JavaScript (React/Node) en Remote,SkillValue,No office location,https://stackoverflow.com/jobs/387926
Senior Software Engineer (m/w/d) BackEnd,Engel & Völkers Technology GmbH,"Hamburg, Germany",https://stackoverflow.com/jobs/439717
Python Software Engineer,bloomon,"Amsterdam, Netherlands",https://stackoverflow.com/jobs/286140
"Senior Software Engineer, Apple Business Integration",Inline,"Taipei, Taiwan",https://stackoverflow.com/jobs/439706
Teamlead Frontend Engineering (m/f/div.),Make.TV,"Köln, Deutschland",https://stackoverflow.com/jobs/356110
"Front End Engineer ( React, Redux, HTML5, CSS)",buildit,"Bengaluru, India",https://stackoverflow.com/jobs/427249
Backend Developer - SEO Team,eBay,"Netanya, Israel",https://stackoverflow.com/jobs/396065
Backend Developer E-Commerce (m/w/d),Peek & Cloppenburg KG Düsseldorf,"Düsseldorf, Deutschland",https://stackoverflow.com/jobs/427246
Full Stack Developer,One Year No Beer,"London, UK",https://stackoverflow.com/jobs/452796
Frontend Developer E-Commerce (m/w/d),Peek & Cloppenburg KG Düsseldorf,"Düsseldorf, Deutschland",https://stackoverflow.com/jobs/427245
Fullstack Developer (m/f),Sclable Business Solutions GmbH,"Wien, Österreich",https://stackoverflow.com/jobs/396059
FrontEnd Web Developer (JavaScript with experience in Angular),SideQuestviaHays PLC,"Belfast, UK",https://stackoverflow.com/jobs/439690
Tech Lead (Proptech),KSK,"Kuala Lumpur, Malaysia",https://stackoverflow.com/jobs/427948
Senior DevOps Engineer,Pixelogic Media,"Madinet Al Eelam, Egypt",https://stackoverflow.com/jobs/438957
Back End Software Developer,Aerial Applications,"Washington, DC",https://stackoverflow.com/jobs/439581
VP Engineering React/NodeJS/AWS,VideoPeel,"Lehi, UT",https://stackoverflow.com/jobs/452578
DevOps Engineer,Stellar Technology Solutions,"Stroudsburg, PA",https://stackoverflow.com/jobs/400816
React/Node.JS Senior Developer/Lead,Tech9,No office location,https://stackoverflow.com/jobs/452408
Lead Developer,Convergence,"Toronto, ON, Canada",https://stackoverflow.com/jobs/426953
.Net Developer,Tech9,No office location,https://stackoverflow.com/jobs/452406
Senior PHP Developer,SimpliSafe,"Boston, MA",https://stackoverflow.com/jobs/350956
Freelance Full-Stack Developer – Remote Job Romania,SkillValue,No office location,https://stackoverflow.com/jobs/406668
Cyber Security Summer Internship 2021,F-Secure,"London, UK",https://stackoverflow.com/jobs/452394
Linux Engineer,F-Secure,"Manchester, UK",https://stackoverflow.com/jobs/452395
Senior/ Lead Developer – Java/ JavaScript (m/w/d),Senacor Technologies AG,"Berlin, Deutschland",https://stackoverflow.com/jobs/439171
Fullstack Softwareentwickler – Java / JavaScript (m/w/d),Senacor Technologies AG,"München, Deutschland",https://stackoverflow.com/jobs/439170
(Senior) Software Engineer - TypeScript/Java (f/m/div),finleap Connect,"Hamburg, Germany",https://stackoverflow.com/jobs/439165
Front-end Engineer【Full-Remote work in Japan】,PayPay Corporation.,"Minato City, Japan",https://stackoverflow.com/jobs/292635
Backend Developer (Node.js),EJN Corp.,"Teheran-ro, South Korea",https://stackoverflow.com/jobs/331236
Projektbetreuer  Full Stack / DevOps (m/w/d) SWR audio lab,SWR Südwestrundfunk Anstalt des öffentlichen Rechts,"Baden-Baden, Deutschland",https://stackoverflow.com/jobs/452360
Lead Software Engineer (CRM & Business APIs) (m/f/d),LABSTER AGviaHays PLC,No office location,https://stackoverflow.com/jobs/452354
"Frontend Engineer, Causal AI Platform",causaLens,"London, UK",https://stackoverflow.com/jobs/439129
Senior to Principal React / Go / Node.JS Software Engineer,Tech9,"Pune, India",https://stackoverflow.com/jobs/452305
Full Stack Developer,Servian,"Sydney, Australia",https://stackoverflow.com/jobs/424942
Support Engineer,GrowFlow,No office location,https://stackoverflow.com/jobs/438953
Senior Software Engineer,Outschool,"San Francisco, CA",https://stackoverflow.com/jobs/406476
Senior Software Engineer - Infrastructure,Outschool,"San Francisco, CA",https://stackoverflow.com/jobs/386170
High-Scale Web Developer,Inline,"New York, NY",https://stackoverflow.com/jobs/438603
Software Developer C# & Node.js,AlphaPoint,No office location,https://stackoverflow.com/jobs/452127
Backend Developer (Node js full stack),NewPath,"London, UK",https://stackoverflow.com/jobs/452112
Front End Developer,NewPath,"London, UK",https://stackoverflow.com/jobs/452111
Full Stack Security Engineer,Citizens Bank,"Franklin, TN",https://stackoverflow.com/jobs/416237
Senior Software Engineer,OneVigor,"San Diego, CA",https://stackoverflow.com/jobs/452110
Java Software Engineer,"JPMorgan Chase Bank, N.A.","Columbus, OH",https://stackoverflow.com/jobs/452032
Angular Developer (Cordova / NodeJs),HaysviaHays PLC,"Orlando, FL",https://stackoverflow.com/jobs/377156
Senior Backend Engineer,"Volusion, LLC","Austin, TX",https://stackoverflow.com/jobs/443231
Fullstack (React/Node/PHP/MySQL) Developer for a Trending Music Company (Remote),"eMastered, LLC",No office location,https://stackoverflow.com/jobs/416121
Full Stack Javascript Software Engineer,SDVI,No office location,https://stackoverflow.com/jobs/254207
Full Stack Developer (Java/AWS),F-Secure,"Poznań, Poland",https://stackoverflow.com/jobs/416126
Full Stack Web Developer (w/m/d) - Cloud Solutions,GMG GmbH & Co. KG,"Tübingen, Germany",https://stackoverflow.com/jobs/368518
Senior AWS Developer,Authority Partners,No office location,https://stackoverflow.com/jobs/388234
Full Stack Developer,Trax Retail Ltd,"Budapest, Hungary",https://stackoverflow.com/jobs/451943
Back-End Developer who wants to be part of a greenfield biz.,Joymo,"Oslo, Norway",https://stackoverflow.com/jobs/438760
Fullstack C++ Javascript Software Developer/Engineer,watttron GmbH,"Freital, Deutschland",https://stackoverflow.com/jobs/451395
Senior Full Stack Engineer,Hypothesis,"Sydney, Australia",https://stackoverflow.com/jobs/128970
Lead Backend Developer / Data Engineer (let's build the future of spreadsheets!),Sourcetable,No office location,https://stackoverflow.com/jobs/451751
Engineering Manager,Zubale,"Mexico City, Mexico",https://stackoverflow.com/jobs/438610
Senior Full-Stack Engineer (Vue/Node),Wisely,No office location,https://stackoverflow.com/jobs/405895
Senior Software Engineer,LINQ,No office location,https://stackoverflow.com/jobs/451627
Senior Backend Developer,GOintegro,No office location,https://stackoverflow.com/jobs/438595
Web Developer,Vegas.com,"Las Vegas, NV",https://stackoverflow.com/jobs/153728
API Engineering - US East Coast,PeerWell Inc.,No office location,https://stackoverflow.com/jobs/438594
"Associate, Software Engineer - Cloud/Java","JPMorgan Chase Bank, N.A.","Columbus, OH",https://stackoverflow.com/jobs/451544
Digital Software Engineer Front End,"JPMorgan Chase Bank, N.A.","Columbus, OH",https://stackoverflow.com/jobs/451454
Demodesk - Full-Stack Engineer Video Conferencing & Screen Sharing,Demodesk,"Munich, Germany",https://stackoverflow.com/jobs/413458
Senior Software Engineer,uShip,"Austin, TX",https://stackoverflow.com/jobs/451415
Full Stack Developer,YouGov,No office location,https://stackoverflow.com/jobs/451413
"Senior Software Engineer, Architecture",DraftKings,"Boston, MA",https://stackoverflow.com/jobs/406259
Senior EmberJS Developer,GOintegro,No office location,https://stackoverflow.com/jobs/438470
Senior Full-Stack Engineer,Audible,"Newark, NJ",https://stackoverflow.com/jobs/426408
Fullstack developer,Nurun,No office location,https://stackoverflow.com/jobs/415682
Software Architect,Nurun,No office location,https://stackoverflow.com/jobs/415675
Senior Java Developer,"""J-IT"" IT-Dienstleistungs GesmbH","Wien, Österreich",https://stackoverflow.com/jobs/424517
Lead Engineer,By Miles Ltd,"London, UK",https://stackoverflow.com/jobs/426406
Fullstack Developer,Hapag-LloydviaHays PLC,"Gdańsk, Poland",https://stackoverflow.com/jobs/406198
"Mid/Senior level Full-stack developer(Angular, PHP and Node.js)",Fleet Complete,"Tartu, Estonia",https://stackoverflow.com/jobs/450800
Mid Level Camunda Java Developer,"""J-IT"" IT-Dienstleistungs GesmbH","Wien, Österreich",https://stackoverflow.com/jobs/424514
Mid Level Java Developer,"""J-IT"" IT-Dienstleistungs GesmbH","Wien, Österreich",https://stackoverflow.com/jobs/424515
Senior Camunda Java Developer,"""J-IT"" IT-Dienstleistungs GesmbH","Wien, Österreich",https://stackoverflow.com/jobs/424516
Experienced JavaScript developer,Mediatool,"Malmö, Sweden",https://stackoverflow.com/jobs/438420
Software Engineer - UI Developer,BlockaviationviaHays PLC,"Dublin, Ireland",https://stackoverflow.com/jobs/451389
React Native Engineer,Kilo HealthviaWork in Lithuania,"Vilnius, Lithuania",https://stackoverflow.com/jobs/451384
